-- phpMyAdmin SQL Dump
-- version 5.1.0
-- https://www.phpmyadmin.net/
--
-- Servidor: 127.0.0.1
-- Tiempo de generación: 25-08-2021 a las 19:33:37
-- Versión del servidor: 10.4.19-MariaDB
-- Versión de PHP: 7.3.28

SET SQL_MODE = "NO_AUTO_VALUE_ON_ZERO";
START TRANSACTION;
SET time_zone = "+00:00";


/*!40101 SET @OLD_CHARACTER_SET_CLIENT=@@CHARACTER_SET_CLIENT */;
/*!40101 SET @OLD_CHARACTER_SET_RESULTS=@@CHARACTER_SET_RESULTS */;
/*!40101 SET @OLD_COLLATION_CONNECTION=@@COLLATION_CONNECTION */;
/*!40101 SET NAMES utf8mb4 */;

--
-- Base de datos: `anuncios`
--

-- --------------------------------------------------------

--
-- Estructura de tabla para la tabla `anuncios`
--

CREATE TABLE `anuncios` (
  `id` bigint(20) UNSIGNED NOT NULL,
  `titulo` varchar(30) COLLATE utf8mb4_unicode_ci NOT NULL,
  `precio` double(8,4) DEFAULT NULL,
  `fecha_publicacion` date NOT NULL,
  `condicion_encuentra` varchar(20) COLLATE utf8mb4_unicode_ci NOT NULL,
  `ubicacion` varchar(255) COLLATE utf8mb4_unicode_ci NOT NULL,
  `enlace` varchar(150) COLLATE utf8mb4_unicode_ci NOT NULL,
  `descripcion` varchar(500) COLLATE utf8mb4_unicode_ci NOT NULL,
  `user_id` bigint(20) UNSIGNED NOT NULL,
  `categoria_id` bigint(20) UNSIGNED NOT NULL,
  `created_at` timestamp NULL DEFAULT NULL,
  `updated_at` timestamp NULL DEFAULT NULL
) ENGINE=InnoDB DEFAULT CHARSET=utf8mb4 COLLATE=utf8mb4_unicode_ci;

--
-- Volcado de datos para la tabla `anuncios`
--

INSERT INTO `anuncios` (`id`, `titulo`, `precio`, `fecha_publicacion`, `condicion_encuentra`, `ubicacion`, `enlace`, `descripcion`, `user_id`, `categoria_id`, `created_at`, `updated_at`) VALUES
(1, 'Ms.', 887.3000, '2041-10-12', 'nuevo', '848 Keeling Parkway Suite 183\nDevanport, DC 19754-1125', 'http://boyer.com/vero-voluptate-dolorem-maxime', 'Sequi ad dolor deserunt et labore cupiditate. Accusantium error sit ut aliquid cumque fugit labore. Quia occaecati ipsa ut expedita voluptas debitis et incidunt. Ut fugiat numquam necessitatibus eligendi quia modi dolorum. Minima omnis rerum aut et velit sunt. Eos sint quos vel. Itaque sit vel rerum asperiores mollitia. Possimus corporis commodi dolorem vel provident. Et molestias ea quam expedita ut architecto dolores.', 17, 20, '2021-08-17 23:15:41', '2021-08-17 23:15:41'),
(2, 'Mrs.', 922.0300, '2035-02-26', 'nuevo', '272 Hickle Extension\nJohathanfurt, ID 91358-3960', 'http://www.huel.com/voluptas-doloremque-eos-doloribus-laboriosam-expedita-eum', 'Quidem placeat tempore quia enim quo quod labore. Exercitationem placeat enim cumque minima rerum est perferendis. Id sed unde eveniet mollitia iste. Quod debitis est in soluta velit vero accusamus. Nihil ipsam voluptatem totam est beatae provident. Qui sit perspiciatis ratione id sed autem. Dolorem fugiat quia ipsam quibusdam molestiae sequi esse dignissimos. Tempore molestiae minus accusamus distinctio quae.', 28, 10, '2021-08-17 23:15:41', '2021-08-17 23:15:41'),
(3, 'Mrs.', 866.5500, '2038-07-15', 'medio uso', '55200 Freida Circle\nRunolfsdottirton, MO 32728', 'http://www.wilderman.com/maxime-est-quo-ea-ad-dolores', 'Aut vero reprehenderit rerum vitae dolorem. Amet est provident sunt eveniet. Deleniti doloremque et ut nisi blanditiis adipisci. Sed minus qui voluptas praesentium adipisci numquam. Minus consequuntur qui nesciunt illum. Quia et animi modi et sed voluptatem nostrum dolore. Ullam suscipit maiores culpa in temporibus odio qui. Consectetur rem laudantium aut vitae autem officia.', 19, 20, '2021-08-17 23:15:41', '2021-08-17 23:15:41'),
(4, 'Prof.', 306.0800, '2033-11-25', 'usadango', '195 Rosenbaum Ridges\nWest Jefferyside, UT 80007-4049', 'http://walker.info/', 'Beatae occaecati iste est aut possimus molestiae. Exercitationem tempora iure et ut quo velit. A possimus quisquam et esse exercitationem voluptatibus minima enim. Earum eos sint sunt. Ut porro nobis maiores tempore et animi rerum dolore. Aperiam in aut quia cumque voluptatem maxime quo. Quis quae fugit numquam necessitatibus neque doloribus saepe. Voluptatibus ut molestiae culpa voluptatibus. Et id et expedita mollitia alias at accusantium.', 23, 16, '2021-08-17 23:15:41', '2021-08-17 23:15:41'),
(5, 'Prof.', 950.8900, '2028-01-02', 'usadango', '4760 Thiel Terrace Apt. 660\nPort Amari, AK 40881', 'http://lubowitz.net/', 'Aut nam expedita voluptate atque omnis ipsum. Vel autem harum quos consequatur omnis id esse. Qui tenetur quasi deleniti. Eius quia sit est expedita. Nisi magni dolor neque sed provident aut omnis. Eos illo quam aut dolores nesciunt. Sit sunt ea aut earum. Aut possimus rerum blanditiis rerum repudiandae maxime. Rerum minus aut recusandae atque amet quidem. Molestiae sit dolore amet et ad. Est et dolore unde id dicta aspernatur. Quos sed et quia. Aut quaerat incidunt sint eius.', 9, 8, '2021-08-17 23:15:41', '2021-08-17 23:15:41'),
(6, 'Miss', 400.9800, '2023-06-30', 'usadango', '83202 Koepp Plains\nLake Selinaborough, MT 50941-4152', 'https://www.sawayn.net/quos-voluptas-ipsam-qui-exercitationem', 'Saepe eligendi corporis adipisci ipsam maxime repellat. Esse fuga inventore quo. Sed harum sit veritatis nobis animi qui beatae. Vel molestias blanditiis dicta consequatur. Aut aut est voluptatem ducimus. Ad aspernatur quam delectus voluptates eum ad accusamus enim. Quam odit et eveniet necessitatibus maiores ut suscipit. Quia dolor omnis est sunt provident quas. Illum accusamus aut reiciendis ut.', 29, 4, '2021-08-17 23:15:42', '2021-08-17 23:15:42'),
(7, 'Ms.', 464.0100, '2038-10-16', 'usadango', '403 Retta Park Apt. 668\nTressieview, NJ 86098', 'http://haag.com/et-architecto-ut-ipsam-sint-et-quibusdam.html', 'Quis dolorum voluptatibus sed et et facilis. Sint repellendus necessitatibus hic dolor tenetur. Sit inventore repellat saepe officia sit totam ut. Placeat perspiciatis eum asperiores asperiores nam. Itaque aspernatur praesentium voluptatem maiores. Cumque dolores sint nisi aut. Tempore consectetur repellat aut a facere autem. Explicabo expedita quaerat quia modi quia neque. Recusandae qui quod explicabo doloremque iure est. Iste illo labore et.', 30, 10, '2021-08-17 23:15:42', '2021-08-17 23:15:42'),
(8, 'Mr.', 304.8300, '2033-01-13', 'usadango', '160 Emard Spurs Suite 192\nWest Abbie, CA 68829-6042', 'http://www.roberts.org/et-et-quisquam-voluptatem-voluptas-ipsum.html', 'Consequatur dignissimos consequatur iure nam et non. Neque ut fuga ut quia occaecati omnis autem. Libero labore quibusdam vero veniam deserunt ratione tempora. Doloribus et ad et incidunt et. Sed rerum nemo est saepe explicabo deleniti nihil. Magni deleniti iure quam vero. Quidem quisquam eligendi deleniti nesciunt voluptas. Qui reprehenderit modi reprehenderit nisi quod et. Eaque et consequatur voluptatibus sunt voluptatum voluptates reprehenderit. Officia accusamus suscipit sed.', 2, 7, '2021-08-17 23:15:42', '2021-08-17 23:15:42'),
(9, 'Prof.', 397.2700, '2022-05-09', 'nuevo', '5589 Rodrick Mountains Apt. 920\nOndrickachester, DC 34567', 'http://www.erdman.com/est-est-ut-harum-delectus-id-quia.html', 'Delectus incidunt ea fugiat est aut delectus enim. Impedit eos consequuntur consequatur molestias aliquid voluptas. Ipsa quam ut qui recusandae commodi et cum. Dolorem quod et enim doloremque iusto. Est officiis nihil beatae sit debitis. Quaerat ducimus aspernatur laboriosam. Et eos quibusdam eaque saepe autem. Totam animi nam exercitationem quae sit quasi qui amet. Sunt expedita nam accusamus officiis id molestiae velit corrupti. Voluptas impedit non nobis sit.', 11, 9, '2021-08-17 23:15:42', '2021-08-17 23:15:42'),
(10, 'Mr.', 120.0100, '2025-05-22', 'medio uso', '43146 Spencer Track\nMittieside, WV 39713', 'https://www.sawayn.com/molestias-qui-nihil-accusantium-voluptatem-esse', 'Reprehenderit unde quae totam est earum totam optio. Dolore vel nihil natus ut porro. Vero optio at error in sed. Consectetur corporis dignissimos delectus dolores assumenda sit. Ducimus soluta iste facilis ut omnis iure praesentium. Provident voluptatem qui sapiente ab. Fuga impedit voluptas porro asperiores quaerat sunt sed. Iusto totam nihil recusandae dolor sit perferendis deserunt. Molestiae nostrum amet esse.', 17, 12, '2021-08-17 23:15:42', '2021-08-17 23:15:42'),
(11, 'Prof.', 588.1400, '2047-07-08', 'usadango', '9542 Kuvalis Field Apt. 621\nMadisynborough, OH 37982-2892', 'http://www.sanford.net/provident-aliquam-debitis-rerum-et.html', 'Vel dolores non eum et sint corrupti. Reiciendis et repudiandae voluptatem quisquam officiis eum maiores accusamus. Odit recusandae possimus aperiam unde. Qui ab quia porro saepe aut. Repudiandae ut et consequatur ducimus. Debitis quam alias doloribus nulla qui vitae dolorem. Dolorem tempore provident minus et et eum ut eaque. Vel ea est officiis corrupti molestias.', 20, 29, '2021-08-17 23:15:42', '2021-08-17 23:15:42'),
(12, 'Dr.', 18.8000, '2050-01-01', 'nuevo', '27376 Grady Row\nSouth Amira, TN 78590', 'https://wilderman.biz/voluptates-sint-ipsam-adipisci-hic-reprehenderit-quos.html', 'Sit eum et et eius. Qui qui inventore earum alias tempore tempore. Voluptas occaecati aspernatur eaque fugiat. Rerum facilis explicabo quisquam ut quia illum rerum dolor. Iure in rem fuga ut eius sed. Debitis iusto rerum totam dolor. Quibusdam voluptas nobis quod quae consequatur consequatur ut atque. Enim odio sit earum repellat dolorem beatae optio.', 11, 5, '2021-08-17 23:15:42', '2021-08-17 23:15:42'),
(13, 'Miss', 808.2100, '2021-08-27', 'nuevo', '1805 Jeanette Loaf Suite 015\nPort Lavadatown, OR 23511-9482', 'http://www.wolf.com/', 'Enim eveniet qui est ad est qui quia. Iusto voluptas voluptates consectetur. Et dicta aut et nihil sed. Doloremque sed dolorum odio soluta. Possimus voluptatibus enim explicabo ea aut. In atque molestias aut adipisci debitis explicabo. Quaerat qui quos dicta quis soluta perspiciatis optio. Laudantium eum iste qui expedita est nihil. Non dolor eum ad accusantium id accusamus. Consectetur est voluptas soluta sit officiis.', 1, 7, '2021-08-17 23:15:42', '2021-08-17 23:15:42'),
(14, 'Mr.', 870.0100, '2040-08-23', 'medio uso', '32603 Macejkovic Run Apt. 492\nHomenickview, PA 20053', 'http://www.hirthe.com/voluptatum-minima-porro-voluptates-voluptatibus-pariatur-neque.html', 'Voluptates officiis reiciendis vel id illum quidem officia. Cum sint doloribus iure voluptatibus temporibus expedita nulla aut. Et ex ut qui dignissimos doloremque saepe molestiae. Facilis ab nisi officiis impedit officiis. Velit molestiae fuga facere blanditiis eaque. Quasi adipisci non odio recusandae rerum necessitatibus. Qui id nam quasi ex minus sed blanditiis.', 10, 17, '2021-08-17 23:15:42', '2021-08-17 23:15:42'),
(15, 'Prof.', 65.1000, '2049-09-01', 'nuevo', '7100 Amber Unions\nSouth Arielle, CA 05103', 'http://bauch.com/', 'Voluptas qui eos ut facilis. Ut ab voluptatem ex aspernatur nesciunt. Ut recusandae numquam doloribus assumenda. Consequatur odit temporibus voluptate et. Sit repudiandae laboriosam recusandae molestias dolores autem in consequatur. Necessitatibus modi odio ipsum fugiat expedita quas. Et aut quaerat enim tenetur inventore quo aut. Illum non placeat quos necessitatibus necessitatibus. Enim numquam ea aliquid ratione ipsum commodi. Ea omnis ab laudantium ducimus deleniti ex ipsam.', 27, 11, '2021-08-17 23:15:42', '2021-08-17 23:15:42'),
(16, 'Prof.', 173.8800, '2044-09-05', 'usadango', '6566 Sabryna Bypass Suite 583\nPort Hesterbury, IL 05850', 'http://berge.biz/consequuntur-quaerat-aut-ipsum-tempora-quasi-accusamus.html', 'Perferendis molestiae qui soluta sit officia laboriosam. Dolor atque doloribus deserunt autem totam similique. Architecto praesentium impedit asperiores tempore voluptatum nemo. Quisquam dolor qui qui molestiae iure veniam delectus. Rerum consequatur enim dolore aliquid. Saepe ea qui odio fugit neque qui est. Eaque delectus atque in. Cum aliquid atque totam neque laborum beatae quis. Et quia cum cumque.', 25, 17, '2021-08-17 23:15:42', '2021-08-17 23:15:42'),
(17, 'Mr.', 209.9500, '2037-01-08', 'usadango', '513 Jennifer Streets Apt. 959\nBrownmouth, MN 29846', 'http://www.cummings.biz/magnam-ut-occaecati-perspiciatis-aut-voluptatum', 'Assumenda amet quisquam dolores aut ea. Veritatis veritatis natus alias dolor delectus. Sequi nostrum praesentium accusantium veniam. Ad sunt fugiat nemo. At molestiae deserunt voluptas nemo recusandae quos ut. In rem non temporibus doloribus mollitia et dolor. Itaque fugit deleniti inventore sit. Quasi neque sit ullam sit perspiciatis necessitatibus illo amet. Et qui quae velit totam rerum. Recusandae officiis eligendi ducimus necessitatibus laboriosam in nam.', 29, 22, '2021-08-17 23:15:42', '2021-08-17 23:15:42'),
(18, 'Prof.', 443.8700, '2031-10-30', 'usadango', '185 Dortha Turnpike Apt. 506\nEast Dino, NY 27188-2673', 'http://cummings.net/corporis-rerum-iusto-vel-voluptatem-nihil-iure-velit-molestiae.html', 'Nesciunt repellat dolor rerum nihil id totam. Quod vel ipsa voluptatem est tempore. Molestiae quia repellat ut aut quae porro. Unde repellendus ipsa deleniti qui et dolor. Velit ratione laboriosam molestiae consectetur error eos. Optio temporibus odit natus et. Dolore recusandae consectetur commodi aut voluptatem enim quia. Id ducimus voluptates voluptatum velit.', 1, 17, '2021-08-17 23:15:42', '2021-08-17 23:15:42'),
(19, 'Mr.', 768.8300, '2046-08-05', 'nuevo', '1565 Wanda Islands Apt. 703\nLake Ellsworthburgh, FL 63724-3723', 'http://fay.com/', 'Maiores et itaque sed rerum quae maxime. Non deleniti veritatis amet qui. Non occaecati et alias aliquid nihil. Alias quia cum voluptates dolor. Et repudiandae est atque. Et assumenda sapiente et consequatur. Vel sequi necessitatibus excepturi. Vero incidunt voluptas vero sit. Aut quae voluptates dolorum. Laudantium corrupti id et mollitia non at mollitia. Repudiandae vitae voluptate sunt eum in assumenda natus. Error ratione vel officiis nihil perferendis.', 14, 24, '2021-08-17 23:15:42', '2021-08-17 23:15:42'),
(20, 'Ms.', 694.9600, '2024-10-03', 'usadango', '93515 Courtney Underpass\nJohnsonhaven, WY 03760-1047', 'http://www.feest.com/', 'Labore culpa laudantium est quam eius numquam eligendi. Quisquam amet voluptate dolor dolorem. Quisquam qui reprehenderit et necessitatibus et necessitatibus. Ut voluptas tempora neque architecto harum. Nam nam corrupti rerum et non voluptatem consequatur est. Numquam eos porro et impedit sequi molestiae. Officiis nam perspiciatis dicta voluptatem numquam delectus voluptatem aliquam.', 26, 9, '2021-08-17 23:15:42', '2021-08-17 23:15:42'),
(21, 'Mr.', 755.1900, '2031-04-26', 'medio uso', '2581 Augustine Manors\nVergieview, SD 23869-2083', 'http://weber.com/autem-quam-eligendi-rerum-quis-alias-ex-et', 'Quo sapiente sit veritatis tempora quia sed. Laudantium vel alias natus quasi dolores. Similique fugit in maxime quisquam illo fuga. Hic autem aut asperiores voluptas et officiis minima. Quia et sequi et. Nihil non et quis ut. Totam ea numquam velit. Ratione dolorem earum vitae sit labore dicta. Ipsum officiis debitis atque quasi tenetur et cum. Est quia id quod explicabo asperiores ea. Quisquam cumque voluptatem vitae et voluptas consequatur autem. Cumque rerum nobis id.', 28, 9, '2021-08-17 23:15:42', '2021-08-17 23:15:42'),
(22, 'Mrs.', 682.5800, '2048-02-09', 'usadango', '1628 Ima Mountains Apt. 623\nEast Sylviaton, AR 06836-4197', 'http://www.cremin.com/', 'Asperiores excepturi eius qui sed. Repudiandae rerum animi quas aut id. In dignissimos voluptatem et et expedita nemo. Et consequatur dolor exercitationem earum eveniet occaecati qui. Nam sunt quo sunt maxime consequuntur qui aliquid. Voluptatem rerum vel sit necessitatibus quae id sit. Aut sit qui omnis ut et. Similique eum placeat molestiae et. Libero aperiam consectetur dolorum ducimus eum provident.', 9, 10, '2021-08-17 23:15:42', '2021-08-17 23:15:42'),
(23, 'Miss', 307.6400, '2023-08-12', 'medio uso', '6188 Jaida Harbor\nPort Geovany, UT 61717-2242', 'https://pfeffer.com/possimus-omnis-qui-odit-sed-sunt-qui-aspernatur.html', 'Quaerat qui fuga maxime soluta labore. Nesciunt voluptatibus praesentium itaque ducimus. Rem voluptas sed quas repudiandae eos quibusdam recusandae nam. Quos incidunt illum ducimus qui atque dolor. Magni reiciendis nemo aliquam dolorum impedit veritatis velit. Sint expedita corporis esse consequatur dolorum. Ut architecto inventore beatae praesentium. Omnis ut mollitia qui sequi iusto consequatur. Officia incidunt cumque eaque recusandae. Explicabo doloribus veniam sed nihil qui optio id sit.', 4, 13, '2021-08-17 23:15:42', '2021-08-17 23:15:42'),
(24, 'Mrs.', 646.5800, '2024-05-15', 'usadango', '4093 Mohr Branch Suite 813\nNorth Serenity, NY 20274', 'http://streich.com/dolore-non-ipsam-tempore-ut-sit-vero-accusantium-fuga.html', 'Voluptatum et quidem ducimus natus. Illum consequatur laborum voluptate totam placeat. Et et placeat dolorem id. Quidem ipsa et sed ducimus. Consectetur dolorem quis laboriosam. Quasi neque quis est sed est. Fugiat qui sit eos labore sapiente. Error eum voluptatem sed aperiam repellat iusto. Dolore qui facilis error ipsam. Aut deserunt ipsum nihil nemo veniam. Iste unde quasi in et a libero accusamus. Eius nulla iure aperiam est velit et odit.', 25, 16, '2021-08-17 23:15:42', '2021-08-17 23:15:42'),
(25, 'Mr.', 743.1300, '2023-10-22', 'usadango', '7853 Marlene Fort\nNew Tatyana, TN 91964-7003', 'http://www.hyatt.com/', 'Et assumenda voluptatem quia qui qui. Aspernatur explicabo delectus velit perferendis repellendus molestiae. In qui nobis aspernatur omnis eos quia id. Id ut et tempore et molestiae. Pariatur earum ullam vitae iste possimus consequatur ex est. Excepturi voluptatem voluptas doloremque rerum. Temporibus impedit consequuntur dolore expedita quasi. Quaerat deleniti vel aut laborum rerum corporis. Reiciendis eveniet praesentium eius nobis harum.', 9, 10, '2021-08-17 23:15:42', '2021-08-17 23:15:42'),
(26, 'Prof.', 332.6300, '2038-11-01', 'medio uso', '41307 Wilderman Garden\nDemarioburgh, IA 57875-9246', 'http://www.hudson.com/', 'Adipisci temporibus amet non voluptatem aut. Quisquam optio quia quia voluptatum et eius. Similique exercitationem eum alias. Exercitationem quaerat repellat ea maiores. Optio officiis ea nulla consectetur quia omnis unde. Ut corporis rerum assumenda qui qui accusantium. Et mollitia saepe recusandae maiores ipsa hic. Et sunt dolorem facere tempore pariatur aut natus.', 1, 15, '2021-08-17 23:15:42', '2021-08-17 23:15:42'),
(27, 'Dr.', 248.7000, '2031-10-06', 'medio uso', '61646 Jesus Burg Apt. 061\nRomagueraberg, MT 86742-1313', 'http://hagenes.com/modi-magni-placeat-sed-ut-sit-voluptatem-dolorem', 'Voluptas sit ut voluptatibus esse repellat. Voluptatem quidem eos pariatur. Recusandae vel sit quis dicta amet. Et neque laudantium aut aut molestias laboriosam ducimus. Quo perferendis officia accusamus ad ad labore quasi. Placeat cupiditate a enim adipisci. Molestias dolorem sunt sapiente est. Excepturi nostrum voluptate eius. Velit quia sapiente et sequi ea. Repellat autem est quas sunt.', 28, 7, '2021-08-17 23:15:42', '2021-08-17 23:15:42'),
(28, 'Mr.', 7.4300, '2025-07-28', 'nuevo', '9142 Jayde Burg\nEast Lelaport, RI 51545', 'http://roberts.com/explicabo-similique-blanditiis-magni-non-sunt-id-perferendis', 'Corrupti dignissimos deleniti vitae. Optio minima voluptatem unde ea dolores qui. Recusandae accusantium modi soluta et recusandae non. Est et porro vero magnam ut voluptatem in. Fugit dignissimos ut voluptatem ipsum et. Voluptatem nostrum cum ipsam et odit et doloremque. Praesentium qui sint unde molestiae totam reiciendis.', 20, 9, '2021-08-17 23:15:42', '2021-08-17 23:15:42'),
(29, 'Prof.', 371.0000, '2034-03-08', 'usadango', '606 Vidal Groves Suite 342\nWest Zetta, MD 09140', 'http://www.feil.com/atque-qui-vel-id-harum-nihil-ipsa-deleniti', 'Dolores ex similique dolores corrupti voluptatem officiis ut. Qui tempora adipisci facilis maiores labore aliquam animi numquam. Mollitia quibusdam quod voluptas ratione consequatur quaerat. Architecto voluptatum voluptatem qui sunt itaque. Qui praesentium incidunt nesciunt quibusdam aut soluta impedit. Doloribus aut doloribus velit quidem repellendus. Cum omnis ipsum dolores odit nisi ipsum. Beatae unde repellat ipsa sit soluta ea sequi.', 22, 6, '2021-08-17 23:15:42', '2021-08-17 23:15:42'),
(30, 'Dr.', 298.7800, '2050-04-17', 'usadango', '345 Elinor Skyway\nLake Clotildehaven, MT 00309-0672', 'http://renner.com/cupiditate-architecto-sint-ducimus', 'Voluptatem et id iusto illum enim. Est rerum sint vitae quia. Sit aut quasi nulla eum laboriosam omnis. Harum molestiae sunt rerum expedita. Aut aspernatur nihil rerum aperiam. Illum repudiandae quidem beatae ipsa quo iure nam non. Voluptatem est sit non rerum. Id similique quaerat qui ab eos hic voluptatem. Illo sunt qui numquam. Id laboriosam ut sapiente repellat pariatur. Voluptatem et unde hic ullam.', 19, 5, '2021-08-17 23:15:42', '2021-08-17 23:15:42'),
(31, 'Ms.', 557.6900, '2026-04-22', 'nuevo', '667 Sydnee Crossroad Suite 051\nHegmannberg, DE 97509-3856', 'http://www.quitzon.info/dolores-eius-maxime-voluptas.html', 'Dolor sed id autem ut aut fuga maiores exercitationem. Ullam dolorum consectetur voluptas deleniti est nostrum asperiores. Ipsum ratione esse et iusto. Repellendus atque corrupti quasi. Sed quo in sed et animi facere. Mollitia reiciendis repudiandae dolores odit. Sint soluta incidunt veritatis dolor voluptatem. Eius ut quisquam sit ut commodi sint eveniet provident. Impedit sit aperiam ullam fuga officiis eveniet dolorem. Error rerum rem vel et praesentium quo ratione.', 12, 12, '2021-08-17 23:15:42', '2021-08-17 23:15:42'),
(32, 'Prof.', 791.3800, '2037-12-07', 'usadango', '80753 Domenica Isle\nLake Keenan, MS 14839-3987', 'https://www.ledner.info/voluptate-ad-quis-dolore-aut', 'Optio sequi quibusdam enim voluptates omnis itaque voluptatum est. Iste laboriosam aut aut. Ut vel harum eligendi cum. Magnam sunt consequatur velit vel sit. Distinctio officiis dolor cum delectus enim pariatur non. Iusto placeat amet quae et. Sed aliquid incidunt fugiat corrupti vel nihil. Occaecati odio ipsam vel animi. Sunt eum natus modi iusto. Iste repudiandae omnis et quia animi itaque et. Tempora eligendi a nihil vel magnam quasi.', 12, 9, '2021-08-17 23:15:42', '2021-08-17 23:15:42'),
(33, 'Prof.', 794.2200, '2045-11-10', 'nuevo', '8206 Mante Throughway Suite 412\nCornellside, NE 22892', 'http://langworth.org/aut-sed-neque-illo-eius-quo-minima', 'Libero quidem quia et. Qui et ipsa harum error expedita dolores aut. Aut sequi voluptatem voluptate consequatur eos. Quo aut pariatur nihil qui corporis veniam. Provident officia unde nulla recusandae quos sint. Totam quia ipsum quis aut eum recusandae. Vitae quia reiciendis consequatur rerum enim. Impedit cupiditate magnam necessitatibus ea. Aut minus dolore sint error incidunt eos nulla. Aliquid cupiditate rerum quas quis. Ad nihil totam repellat magnam perspiciatis.', 11, 29, '2021-08-17 23:15:42', '2021-08-17 23:15:42'),
(34, 'Dr.', 70.0700, '2034-11-02', 'medio uso', '13483 Nikko Pass\nKayleeview, FL 78253', 'http://www.hand.biz/et-nostrum-praesentium-molestiae-optio-est-dignissimos-voluptas.html', 'Ea ipsam molestiae voluptates provident aut eligendi. Consequatur dolores magni quam. Eos quasi excepturi sit doloribus. Aperiam eligendi mollitia aspernatur sunt sapiente. Ut ut dolore aliquam aliquid. A fugiat harum dolorem dolores. Error qui delectus ullam minus nisi doloribus aut ut. Corporis alias laborum magnam consequatur occaecati voluptate. Enim sapiente optio officia.', 15, 4, '2021-08-17 23:15:42', '2021-08-17 23:15:42'),
(35, 'Prof.', 336.0700, '2051-04-18', 'usadango', '9332 Bednar Passage Suite 184\nWest Lesleymouth, IN 71375', 'http://www.oreilly.org/', 'Eveniet temporibus consectetur molestias qui. Officia beatae quibusdam earum consequuntur. Ipsum eligendi aut pariatur ipsum quisquam sit nisi. Sit dolorem repudiandae et sunt magni doloremque. Praesentium est quasi voluptatem. Corporis est quos quos maxime non deleniti et. Maxime excepturi minima facere.', 26, 3, '2021-08-17 23:15:42', '2021-08-17 23:15:42'),
(36, 'Prof.', 931.9400, '2023-01-24', 'nuevo', '43555 Moen Glen Suite 155\nNew Khalid, VT 75999', 'http://www.weimann.net/est-reiciendis-molestiae-alias', 'Veniam adipisci ea ad voluptatem voluptate fuga eaque ipsam. Vitae soluta beatae amet dicta totam dignissimos amet. Voluptas voluptas molestiae magni voluptatem optio ut. Dolor tempora laudantium et accusantium eum assumenda autem repellat. Reprehenderit officiis voluptas eum expedita ea explicabo. Cum sit officia nam quia. Quasi et aut quidem similique.', 10, 23, '2021-08-17 23:15:42', '2021-08-17 23:15:42'),
(37, 'Miss', 562.1400, '2033-05-18', 'nuevo', '642 Adela Viaduct Suite 472\nEast Augustport, CA 39079-0656', 'http://rippin.net/in-dolor-earum-non-dolores', 'Delectus quas harum soluta commodi eligendi nemo non. Similique asperiores laudantium quasi ullam. Sit aut non similique. Quasi neque veritatis eius accusamus nesciunt. Facere voluptates nihil voluptatem dolores voluptatem dignissimos voluptatem. Deserunt molestiae deleniti illo suscipit eveniet reprehenderit. Pariatur numquam debitis vero deleniti. Dicta cupiditate impedit fugit aperiam rerum alias sed. In velit recusandae voluptatem est saepe ut tenetur. Ipsam fugiat dolorem maiores et.', 22, 16, '2021-08-17 23:15:42', '2021-08-17 23:15:42'),
(38, 'Mrs.', 25.5300, '2044-07-22', 'medio uso', '3069 Dayana Court\nNew Tesstown, WA 66538', 'http://schulist.biz/ut-officiis-cumque-omnis-quis.html', 'Assumenda et rerum placeat non qui quia et. Rerum et et qui laborum dolores veniam. Voluptas omnis impedit quibusdam veniam omnis accusantium. Voluptatem maiores alias et laborum eius id culpa. Et et harum fugit porro maiores voluptate eius. Rem possimus rem rerum omnis occaecati architecto consequuntur et. Quibusdam dolores temporibus deleniti eum et quas. Sit nobis fugit sunt nostrum. Eum est sit recusandae deserunt quam eos nisi et. Velit cupiditate adipisci itaque.', 21, 25, '2021-08-17 23:15:42', '2021-08-17 23:15:42'),
(39, 'Prof.', 772.3400, '2034-12-13', 'usadango', '545 Jacques Meadows Apt. 931\nNew Alfredo, PA 61550-5881', 'http://www.doyle.org/adipisci-magnam-eos-impedit-sit-eum-accusantium.html', 'Et vel consequuntur excepturi. Non reprehenderit natus vitae facilis reiciendis ab. In aut sed quibusdam quas. Dolor eligendi numquam impedit non voluptate aut ut nemo. Autem quis laudantium voluptas eius hic. Mollitia et adipisci aut ducimus officiis vel accusamus. Sit illum et sint aliquam esse. Voluptatem ut dolorem quos itaque alias harum. Aut est assumenda alias provident repellendus dicta dignissimos.', 7, 3, '2021-08-17 23:15:42', '2021-08-17 23:15:42'),
(40, 'Miss', 913.8100, '2023-05-28', 'usadango', '354 Esmeralda Port\nGerlachmouth, MA 21509', 'http://abshire.com/quos-quia-repudiandae-natus-placeat-odio-nisi', 'Est adipisci est doloremque porro doloremque eius libero cumque. Nulla vel ut eius. Sit fuga et architecto est. Reiciendis voluptatibus omnis excepturi id. Maiores aut atque et sapiente eos ipsa consequuntur et. Fuga commodi voluptatem consequatur deleniti sit consequatur. Labore voluptates quis laudantium eaque voluptatem. Qui iusto rerum dicta voluptatem dolores aut. Odio quod dolorum mollitia possimus in quod. Et in commodi ad perspiciatis eveniet.', 2, 8, '2021-08-17 23:15:42', '2021-08-17 23:15:42'),
(41, 'Mrs.', 163.5300, '2036-01-05', 'nuevo', '878 Brielle Loop\nNew Serenamouth, AK 65861', 'http://www.schoen.com/quia-eaque-nisi-nobis-illo-incidunt.html', 'Quam quo eum officia vitae optio odit. Aliquid quia sint nulla est aut et et. Neque culpa omnis quia provident minus exercitationem corporis. Est et voluptas est omnis libero. Sunt iusto saepe assumenda repellendus debitis eligendi est rem. Ex dolorem neque tempora. Autem animi voluptas ipsum quas consequatur qui ut. Nam qui voluptatem commodi. Autem tenetur ea voluptas et placeat sit eaque.', 15, 18, '2021-08-17 23:15:42', '2021-08-17 23:15:42'),
(42, 'Dr.', 25.4700, '2050-05-24', 'usadango', '794 Elody Port Apt. 271\nManleyville, SC 93201', 'http://bradtke.biz/beatae-voluptate-sed-sit-et', 'Et autem est incidunt non. Fugit debitis exercitationem dolores eaque blanditiis. Sit dicta odit suscipit eligendi velit quisquam est. Harum ab a nam reiciendis qui temporibus nihil quasi. Qui vel qui voluptas sequi delectus ut. Sed voluptatem ut nisi nobis deserunt suscipit cum. Impedit laudantium qui laudantium doloribus officia.', 12, 13, '2021-08-17 23:15:42', '2021-08-17 23:15:42'),
(43, 'Prof.', 210.5600, '2047-06-18', 'usadango', '7375 Linda Well Apt. 687\nNorth Dorothy, AZ 29917', 'https://www.schuster.com/earum-aliquid-consequuntur-nam-consequatur-dolorum', 'Eos enim officia consectetur suscipit exercitationem totam aperiam. Inventore ullam ea aspernatur est officiis. Molestias laborum voluptatem et doloribus aut. Dolor repudiandae et eos perspiciatis dicta ad. Voluptatem odio perspiciatis fuga quo dolor corporis cumque neque. Sed enim recusandae doloremque veritatis. Tempore tempore nihil amet. Minima repudiandae numquam libero omnis et. Quod assumenda aperiam architecto aliquam ut. Accusamus voluptas est aut recusandae officiis.', 28, 7, '2021-08-17 23:15:42', '2021-08-17 23:15:42'),
(44, 'Prof.', 709.1900, '2026-03-13', 'nuevo', '6609 Wilderman Ridges\nEast Ona, NE 44842', 'http://kshlerin.net/corporis-reprehenderit-aspernatur-et-ut-amet-adipisci', 'Voluptatem hic modi nemo. Minima earum sequi mollitia amet. Nihil inventore nobis recusandae cupiditate et ullam. Voluptas ipsum iusto exercitationem. Nam nam facere et rem et laborum et velit. Et et sequi et error corrupti. Sequi sit nobis provident in eaque quae nemo voluptatem. Ducimus facere eius voluptate laborum voluptate voluptates. Eveniet quis earum porro suscipit temporibus ducimus. Unde omnis fuga sit similique sit enim pariatur. Similique velit molestiae laudantium dolorum et.', 26, 25, '2021-08-17 23:15:42', '2021-08-17 23:15:42'),
(45, 'Dr.', 524.3500, '2028-05-28', 'nuevo', '473 Blair Via\nNew Nolaside, NM 65859-6648', 'http://www.spinka.com/eveniet-id-et-alias.html', 'Corporis voluptatem quo molestiae ipsa dolorum. Consequatur quidem iste qui sit. Harum consectetur itaque non accusamus quae vel debitis libero. Nihil consequatur non voluptatem amet. Delectus quaerat non aliquam laborum. Dicta nostrum aut natus voluptatem natus voluptatum et repellat. Ab facilis mollitia nisi possimus. Inventore soluta similique sit quo blanditiis voluptatibus.', 19, 16, '2021-08-17 23:15:42', '2021-08-17 23:15:42'),
(46, 'Prof.', 946.4900, '2047-07-26', 'medio uso', '95885 Gleichner Corner Apt. 534\nSchultzland, TN 40752', 'http://www.buckridge.org/', 'Fuga iure odit itaque ullam. Accusamus cumque facere aut rerum quis rerum rerum. Qui qui quia mollitia totam. Dolorem cumque qui harum excepturi voluptatum quod. Nisi est sit tenetur velit repudiandae maiores cum. Magni rem repudiandae commodi quaerat perspiciatis. Nulla iusto ab placeat harum occaecati enim. Eos possimus voluptatibus magnam qui. Sit et omnis ab tenetur modi.', 21, 30, '2021-08-17 23:15:42', '2021-08-17 23:15:42'),
(47, 'Mr.', 380.5600, '2040-07-31', 'nuevo', '227 Dicki Fall\nNorth Consuelofurt, WV 11256-9962', 'http://www.hessel.biz/tempora-reprehenderit-consequatur-facere-nam', 'Maiores illo libero harum debitis. Sed explicabo inventore minus sit fuga itaque. Aut eum officiis facere recusandae expedita impedit dolor. Odit nobis velit fugiat sed et ipsam. Et rem distinctio sed est mollitia est quidem. Vel eveniet nulla corrupti aut excepturi rem. Repellendus neque aspernatur dolore iusto voluptatem.', 11, 26, '2021-08-17 23:15:42', '2021-08-17 23:15:42'),
(48, 'Dr.', 737.4800, '2033-08-24', 'nuevo', '629 Walker Mount\nDwightfort, WY 74267-1562', 'https://www.weber.com/et-et-at-dolorum', 'Adipisci debitis accusantium iste aliquam consequatur vel. Molestiae molestiae nulla inventore eos. In omnis cumque fugit id asperiores quam voluptate. Voluptas non quia veritatis. Voluptate labore quis et. Est laudantium tempora eos maiores dicta. Expedita delectus ipsam non dolor atque sit quam quia. Molestias accusantium labore praesentium. Facilis aut sed nesciunt quo earum.', 23, 9, '2021-08-17 23:15:42', '2021-08-17 23:15:42'),
(49, 'Mr.', 87.1800, '2042-04-26', 'nuevo', '52275 Medhurst Station\nSouth Judychester, WY 04122-1176', 'http://gislason.net/sequi-ratione-omnis-similique-quia-atque-officia', 'Maiores voluptatem molestias quis aspernatur. Id non ut nam magnam. Sed illum magni nesciunt occaecati dolores. Quae quidem aperiam et laboriosam et omnis ut. Dolores dolorem praesentium cupiditate et. Vitae qui tenetur voluptatem magnam. Dicta ut et vel laboriosam. Quae fuga sunt tempora ipsam facilis autem ullam. Est ratione provident nostrum adipisci et. Beatae nisi tenetur expedita unde. Placeat amet minima alias minima et minus nisi unde.', 2, 26, '2021-08-17 23:15:42', '2021-08-17 23:15:42'),
(50, 'Prof.', 719.0500, '2022-05-14', 'usadango', '2916 Filomena Manors\nSouth Lavernaburgh, NM 99163', 'http://www.miller.com/illo-cum-quo-fugiat', 'Temporibus cum enim nulla eaque ut harum. Placeat necessitatibus in consequatur sapiente esse occaecati temporibus. Velit deserunt perspiciatis repudiandae nihil hic dolorem numquam quidem. Pariatur corrupti corporis commodi modi. Ipsa inventore sint qui qui maiores illo. Eaque nam voluptatem nostrum assumenda nihil tenetur est eius. Quas ipsa et distinctio quas. Nisi maxime nesciunt explicabo libero optio enim autem.', 6, 19, '2021-08-17 23:15:42', '2021-08-17 23:15:42'),
(51, 'Prof.', 576.7100, '2035-02-19', 'medio uso', '3060 Corkery Mews\nLubowitzshire, DE 35295-0655', 'http://dibbert.info/cumque-voluptate-sed-impedit-libero', 'Reiciendis iste repudiandae iste voluptas. Dolor optio expedita iste et mollitia maiores minus. Placeat et exercitationem eos dolores maxime incidunt. Qui fugiat explicabo minima ut ut numquam. Mollitia est enim nostrum repudiandae. Quo molestiae impedit et nostrum doloremque dolorem. Ratione error voluptas adipisci doloribus. Sequi et ut quis officiis qui. Odit sunt voluptatem et placeat sint. Ullam totam in pariatur nihil adipisci.', 24, 5, '2021-08-17 23:15:42', '2021-08-17 23:15:42'),
(52, 'Prof.', 209.1200, '2031-12-27', 'nuevo', '1780 Santiago Path Apt. 058\nPort Nonabury, TN 13191', 'http://www.donnelly.org/qui-praesentium-ut-necessitatibus-corrupti-rem.html', 'Est in qui rerum vitae voluptatem. Pariatur occaecati fugiat alias molestiae. Dignissimos maxime id autem perferendis repellat. Sapiente itaque excepturi voluptas ea sequi odio. Laborum ipsa quod quis asperiores. Aut dolorem molestias velit ullam cum ad provident. Veniam est eaque voluptatem voluptatum optio mollitia.', 28, 18, '2021-08-17 23:15:42', '2021-08-17 23:15:42'),
(53, 'Miss', 140.3800, '2026-06-24', 'usadango', '168 Theo Rapids Apt. 450\nEast Verdie, SC 30002-8367', 'http://www.beier.org/recusandae-impedit-amet-corrupti-veritatis-voluptas-voluptatem-aliquid.html', 'Ratione dolor mollitia soluta nisi nisi consectetur. Excepturi est odit vel dignissimos voluptatum ipsa. Ipsam neque optio illum nihil sint omnis. Odio in itaque delectus quo voluptatum. Dignissimos corrupti eligendi beatae dolorum. Et optio nemo tenetur aut velit consequuntur tempora. Dolorum quo labore cupiditate. Quos placeat praesentium sint et quo.', 29, 14, '2021-08-17 23:15:42', '2021-08-17 23:15:42'),
(54, 'Ms.', 463.4400, '2034-04-14', 'nuevo', '599 Daniel Cliffs Apt. 146\nNorth Electafort, FL 12383-6434', 'http://www.bechtelar.com/nulla-totam-sit-aut-numquam-in.html', 'Corporis nulla recusandae qui doloribus harum. Enim optio quis aut amet quae iste. Ratione voluptatibus ipsa eos consequatur incidunt dolor tempore. Commodi aliquid ut est vitae minus eveniet saepe. Assumenda optio officia veritatis sed magni nulla velit. Qui dolor dolor possimus eum nisi et est. Ullam quia maxime omnis necessitatibus aperiam et. Sunt velit non ad sint ipsa sit.', 29, 6, '2021-08-17 23:15:42', '2021-08-17 23:15:42'),
(55, 'Dr.', 175.4400, '2037-01-01', 'medio uso', '88862 Yazmin Vista Apt. 296\nLucindamouth, MI 55380', 'http://www.schumm.com/', 'Eveniet similique repudiandae alias repellendus exercitationem eligendi est. Eveniet vel quis tenetur non quaerat nisi facere. Consequatur placeat praesentium est. Suscipit ipsa cumque quaerat aut illum est. Itaque a nostrum dolore. Cumque et reprehenderit non cupiditate maiores soluta. Fuga eaque et sed corporis. Est rerum aut cupiditate eligendi. Culpa qui enim itaque dolores eveniet voluptatem exercitationem. Sit libero ab aut odio dolorum officiis consequatur.', 28, 26, '2021-08-17 23:15:42', '2021-08-17 23:15:42'),
(56, 'Ms.', 345.1100, '2033-01-11', 'usadango', '63730 Blake Expressway\nPort Donald, NY 93686-6899', 'http://www.kris.com/', 'Et repellat quidem voluptas error. Enim illum et sed quod deleniti qui vel aut. Saepe ratione excepturi et consequuntur quia et illum. Accusantium culpa aut ut. Non sequi consequatur velit distinctio aut. Laboriosam omnis odio quam deserunt. Inventore illum id et et id deleniti corrupti. Assumenda earum fuga ullam sit. Ex qui deserunt consectetur aspernatur fuga. Qui omnis dolores dolorem at. Harum velit placeat voluptatem quis dolorum ut quos. Ullam earum nostrum aut eaque sed vitae.', 13, 11, '2021-08-17 23:15:42', '2021-08-17 23:15:42'),
(57, 'Prof.', 771.4600, '2022-09-16', 'nuevo', '169 Hollis Harbors\nKuphalport, WA 48434-0248', 'http://lind.net/', 'Voluptas dolore cum sed id ratione. Aut aut illum temporibus eius et. Aut est voluptatem voluptatem maiores vitae consectetur qui. Autem placeat suscipit tenetur quo vel vero et. Et harum et quia similique earum doloribus. Fugiat in id enim animi aliquid optio sint. Adipisci autem dolorem harum. Dolorem eos excepturi atque praesentium.', 10, 30, '2021-08-17 23:15:42', '2021-08-17 23:15:42'),
(58, 'Dr.', 840.0900, '2039-03-10', 'nuevo', '90864 Koepp Mills\nKaiafurt, GA 38256', 'http://moore.info/modi-labore-impedit-delectus-est-eos-laudantium-error', 'Consequuntur qui at provident ea accusamus voluptate occaecati. Vel dolores non quo perspiciatis iste provident. Veniam sequi minima placeat porro facere. Magnam hic excepturi est ea. Aut velit facilis voluptatem sint sit velit quibusdam. Vel aut libero cupiditate aut. A voluptas consequuntur voluptatibus rem. Possimus omnis culpa vel et adipisci ullam. Dolorem non ex earum beatae molestiae quae rerum. Rerum sint quidem et voluptatem perspiciatis.', 23, 4, '2021-08-17 23:15:42', '2021-08-17 23:15:42'),
(59, 'Mr.', 338.4600, '2041-12-19', 'usadango', '8353 Hoppe Fall Apt. 558\nWest Cleorabury, NM 09065-2788', 'http://bechtelar.com/iste-voluptas-atque-ex-excepturi-ad-in', 'Voluptatibus maxime nulla et deleniti. Aliquid maxime ut hic iste dolorem. Accusantium ullam a voluptate. Voluptatibus sunt tempora voluptatem autem sit non. Consequatur sit sed quis est nihil perspiciatis. Facere eos sint omnis iusto aut exercitationem aut. Consequatur et ex rem numquam dolorem officiis distinctio ullam.', 10, 20, '2021-08-17 23:15:42', '2021-08-17 23:15:42'),
(60, 'Prof.', 189.4100, '2030-07-27', 'medio uso', '1606 Cole Viaduct\nSouth Nikita, MD 91430', 'http://mann.biz/', 'Odit omnis fugiat rem ut nisi. Et deserunt esse tempore sit. Neque qui quis autem eveniet. Est asperiores laudantium pariatur enim ut. Deleniti illum natus ullam. Eos quia provident dolorem id rerum quis voluptas. Reprehenderit officia vel accusantium earum. Consectetur modi laborum id in mollitia. Ab ab sit dolore non. Soluta consequuntur sed est. Et eos nemo aut optio labore est ullam. Inventore nesciunt eveniet est occaecati nihil a. Vel est cum architecto ut consectetur ex.', 8, 18, '2021-08-17 23:15:42', '2021-08-17 23:15:42'),
(61, 'Dr.', 542.0600, '2030-05-01', 'nuevo', '33606 Felicia Island\nSouth Zion, AZ 74403-1937', 'http://grant.com/voluptate-itaque-ea-dolores-officiis-aut-ut', 'Est aspernatur sint earum aperiam. Nisi accusamus et natus nostrum. Voluptatem consequatur ab voluptas est et sequi. Est nobis iure ut autem tempore explicabo. Vero alias minus iusto eos aut accusamus. Et temporibus quia temporibus sed et earum. Et consequuntur in et et. Id enim cupiditate repellendus quia necessitatibus maxime. Tenetur vel quia placeat ex aut voluptatem voluptatum quod.', 25, 26, '2021-08-17 23:15:42', '2021-08-17 23:15:42'),
(62, 'Dr.', 186.6800, '2048-06-08', 'usadango', '722 Michel Meadow\nMargeside, NY 88973', 'https://shields.com/placeat-incidunt-asperiores-soluta.html', 'Autem cum voluptates consequatur perspiciatis. Ipsam ipsum magnam voluptatem sed corporis vel consequatur. Delectus qui occaecati repudiandae hic. Ab perspiciatis nulla et vel ab sint. Illo est accusantium nam. Nihil et consequatur molestiae sit. Dicta et quo omnis eum perferendis. Minima sint voluptas et harum dolores. Ullam ad sapiente et ducimus eos laudantium. Dolores quis qui sed at. Ipsam possimus rem dolor occaecati dicta. Delectus et occaecati necessitatibus cumque sequi quia soluta.', 16, 25, '2021-08-17 23:15:42', '2021-08-17 23:15:42'),
(63, 'Prof.', 36.9300, '2045-08-27', 'nuevo', '956 Ruecker Mills Apt. 554\nNew Kristian, AL 41341', 'http://quigley.biz/', 'Ut rerum autem in tempora sit. Quia sint et repellendus et qui. Iste architecto sed explicabo minus aut ea quia. Harum molestias minima quas officiis asperiores rerum ullam. Magnam fuga a corrupti minus similique occaecati. Et sit voluptatum atque earum ducimus placeat. Officia aut provident vitae pariatur cum voluptatibus.', 12, 18, '2021-08-17 23:15:42', '2021-08-17 23:15:42'),
(64, 'Mr.', 515.4400, '2041-09-18', 'usadango', '3818 Kuhlman Meadows Suite 643\nNorth Derrick, AK 27164-1172', 'http://upton.com/ut-commodi-quidem-amet-eligendi-veritatis-eos-libero-impedit.html', 'Earum vel esse et harum. Voluptas quaerat ab omnis quisquam. Aut minima mollitia laudantium aut quos deleniti. Velit magni sint dolorem hic magnam. Aperiam voluptatem commodi neque iure mollitia. Asperiores doloremque incidunt voluptatem officia provident eius. Quis voluptas dolor et est tempora accusantium tempora id. Porro ipsum non nesciunt sint dolores pariatur vitae.', 8, 4, '2021-08-17 23:15:42', '2021-08-17 23:15:42'),
(65, 'Dr.', 760.0800, '2024-04-22', 'nuevo', '6776 McKenzie Ferry Suite 986\nStarkfurt, OK 91763-9141', 'http://www.dibbert.biz/', 'Autem enim sapiente doloremque doloribus quia repudiandae voluptas. Animi quibusdam consequuntur omnis omnis molestiae. Rerum et et iusto reiciendis necessitatibus asperiores maxime. Quia molestiae enim similique quaerat omnis blanditiis odio. In fugiat aspernatur reiciendis ducimus. Rerum eum aliquam tenetur similique itaque. Aperiam illo officia necessitatibus aut et ipsam molestiae. Est voluptatum aperiam quia voluptates.', 29, 12, '2021-08-17 23:15:42', '2021-08-17 23:15:42'),
(66, 'Mr.', 720.5900, '2043-01-16', 'medio uso', '389 Cathrine Wells Suite 672\nMakaylaland, FL 26254', 'http://www.bailey.net/officiis-doloribus-ex-provident-sunt-explicabo', 'Hic beatae et aut excepturi. Aut perferendis molestias sunt quam consectetur reiciendis asperiores. Corporis aut similique commodi earum doloribus quae harum. Deserunt eveniet aut quasi aliquid assumenda. Quia minus voluptatem amet et qui est. Voluptatum laborum dolorem ut ut at eos id. Labore voluptatibus ducimus doloribus iste eius similique qui.', 20, 27, '2021-08-17 23:15:42', '2021-08-17 23:15:42'),
(67, 'Miss', 995.9000, '2049-02-14', 'usadango', '48089 Carlotta Groves Suite 480\nWest Aldenburgh, VA 15509-7803', 'http://www.sawayn.net/officiis-quo-dolorem-enim-nobis-nemo-fuga-est.html', 'Nemo nostrum perferendis debitis et quam ab. Itaque dicta excepturi voluptate quos vitae. Et tempore est necessitatibus vel cumque. Soluta ut recusandae cupiditate suscipit vel. Pariatur adipisci maiores architecto ut aperiam. Cum fuga distinctio occaecati est consectetur quia. Esse ut at aperiam molestias. Quas nostrum voluptatem vel recusandae molestiae. Cum magni culpa adipisci non.', 12, 21, '2021-08-17 23:15:42', '2021-08-17 23:15:42'),
(68, 'Mr.', 83.7800, '2041-09-12', 'medio uso', '104 Chester Knoll\nEmmetmouth, IA 27713-7808', 'https://www.bins.com/eos-alias-ad-voluptatibus-temporibus-eius-ab', 'Iusto quo voluptatem dolorum commodi ea distinctio illum. Mollitia consequatur consequuntur ut rerum aut iure aut. Porro dolorem sed quod qui non amet. Et soluta esse ut quia. Exercitationem et optio a sint sunt ut doloremque. Hic facilis asperiores consequatur dicta aut. Deserunt corrupti dolorem quia sunt magni voluptatem quasi. Eos cumque nam dolorum eos aut porro. Possimus ipsum sed inventore enim. Est quam quasi non quibusdam at ducimus quidem. Eaque fugiat possimus incidunt vero rerum et.', 14, 4, '2021-08-17 23:15:42', '2021-08-17 23:15:42'),
(69, 'Ms.', 291.6000, '2029-09-29', 'medio uso', '55646 Rae Prairie\nErnsermouth, MA 96093', 'https://marquardt.info/quod-excepturi-labore-laboriosam-unde-enim-at.html', 'Nam ex cumque fuga aut consectetur molestiae illum minima. Ipsa aliquam in excepturi vel et. Fugit quasi animi et minus. Eum tempora architecto illo perspiciatis. Eligendi laborum voluptatem et esse vel. Veniam adipisci qui in corporis fuga. Facere quod alias aut id ratione. Consequatur inventore id placeat dignissimos sit culpa soluta. Officia omnis ut tempore non pariatur et. Unde odit voluptatem labore expedita nostrum repellendus magnam. Reprehenderit laborum ut exercitationem illo.', 22, 29, '2021-08-17 23:15:42', '2021-08-17 23:15:42'),
(70, 'Mrs.', 933.6200, '2044-12-26', 'usadango', '346 Mario Court Apt. 902\nJohnsontown, TX 14645', 'http://www.rolfson.com/', 'Quos natus quia exercitationem illum natus et. Id deserunt sunt quis dolorem excepturi est porro. Autem assumenda voluptatum cupiditate dolorem. Est nobis necessitatibus natus sed omnis dolores quam. Dolores nihil est veritatis. Reprehenderit similique facere eos quos natus sapiente illo. Amet praesentium sint mollitia sed quisquam eveniet quidem. Vel sit voluptatibus rerum voluptatem. Vel necessitatibus sequi sit earum illum voluptatem et reiciendis. Ea nostrum aliquid vero ut ea.', 20, 9, '2021-08-17 23:15:42', '2021-08-17 23:15:42'),
(71, 'Mr.', 187.2900, '2027-08-07', 'usadango', '6849 Rosenbaum Pine Suite 472\nBorerburgh, NH 29096-2807', 'http://www.sipes.com/et-totam-asperiores-est-natus', 'Dolores cum rerum ut rerum libero. Enim facilis quam voluptatem sapiente voluptas sed natus totam. Autem neque voluptatem sit. Ipsam facere ratione illum. Molestiae eius est et eaque expedita aut. Quia id nesciunt laborum voluptate laborum sint repellendus. Commodi nulla velit error similique. Alias recusandae voluptatem et facere doloremque libero hic quis. Quos eos exercitationem soluta ab.', 25, 3, '2021-08-17 23:15:42', '2021-08-17 23:15:42'),
(72, 'Ms.', 286.3000, '2048-11-21', 'usadango', '835 Travon Flats Apt. 778\nWest Rudyville, OR 45614-7315', 'http://www.homenick.com/', 'Error aliquam dolores tempora deleniti molestiae. Aut pariatur iure ducimus et ut ut. Ex ab molestias quam voluptates ut suscipit. Ut nisi et commodi blanditiis et. Eum est debitis autem voluptatem quod tempore. Natus voluptatem saepe ad exercitationem voluptatem. Est excepturi iure corporis dicta nihil. Eum voluptas ducimus et doloremque. Dolorum id aspernatur eligendi praesentium quis et ullam totam. Est quo ut voluptatum.', 2, 3, '2021-08-17 23:15:42', '2021-08-17 23:15:42'),
(73, 'Ms.', 984.8900, '2029-12-08', 'usadango', '65905 Alexander Shoal Apt. 360\nNorth Todberg, AZ 81710', 'http://frami.com/', 'Et sint occaecati natus delectus. Est voluptatibus perferendis temporibus sit ea excepturi. Sed soluta rerum commodi fugiat voluptas maiores tempora. Odio corporis earum deleniti est quia. Ut qui et voluptas. Ut velit dolorem et excepturi consequatur voluptatibus. Cupiditate praesentium eos nesciunt rerum sint. Ipsa vel reprehenderit quasi culpa autem accusantium.', 20, 4, '2021-08-17 23:15:42', '2021-08-17 23:15:42'),
(74, 'Dr.', 851.7500, '2029-11-12', 'nuevo', '39947 Alanna Camp Suite 186\nHowellville, AK 00911-8700', 'https://schuster.net/maiores-est-dolore-tenetur-aut-neque.html', 'Ut debitis sed odio. Distinctio velit veniam aut quis. Qui a voluptates cupiditate. Nobis earum numquam corrupti numquam. Sunt rerum sed maiores consequuntur magnam quos error non. Et error doloribus hic quos sunt aperiam. Eaque qui numquam consequuntur maiores. Corrupti et architecto praesentium harum ducimus sit ea est.', 23, 14, '2021-08-17 23:15:42', '2021-08-17 23:15:42'),
(75, 'Prof.', 250.9500, '2041-12-23', 'medio uso', '3576 Micaela Point Apt. 808\nIvachester, VT 97081', 'https://www.block.com/maxime-id-magni-ducimus-qui-quibusdam', 'Delectus vero deserunt suscipit veritatis. In qui perferendis dolores quod voluptatem saepe nemo. Facilis facere nemo magnam impedit illum asperiores itaque. Omnis ipsam dolor esse quae sed. Asperiores nesciunt temporibus quis esse veritatis quae itaque. Enim natus ut sit ut. Voluptatem omnis neque placeat et. Non ipsum velit ut eligendi expedita similique.', 26, 23, '2021-08-17 23:15:42', '2021-08-17 23:15:42'),
(76, 'Mrs.', 226.6900, '2049-01-14', 'usadango', '7112 Kovacek Corner\nPresleyhaven, TX 40258', 'https://feil.biz/aut-sit-ex-voluptatem-et.html', 'Ut harum voluptas dignissimos et omnis qui in. Quae molestiae nihil iure. Voluptate aut minima voluptatem. Laboriosam voluptates excepturi voluptatem harum corporis. Voluptates ipsa aut officiis molestiae officiis. Fuga laboriosam ex natus sint repellat qui voluptas numquam. Possimus voluptatum est officiis nisi quis fuga. Architecto vero est et expedita. Suscipit ullam praesentium ea voluptas. Facilis consequatur cumque sapiente nesciunt.', 13, 18, '2021-08-17 23:15:42', '2021-08-17 23:15:42'),
(77, 'Mrs.', 912.3100, '2048-05-20', 'nuevo', '80892 Veum Creek Suite 559\nWest Mossieberg, WI 15591', 'http://keeling.com/dolorum-tempora-porro-velit-aut-sapiente-assumenda', 'Ullam eius error quo omnis nam quae enim. Animi tempora non necessitatibus delectus. Consequatur voluptates odit sed odit aut delectus molestias. Voluptas enim omnis voluptate excepturi sed. Sapiente ullam est minus. Optio dolores ea et est. Iste minus nobis esse ipsum.', 12, 25, '2021-08-17 23:15:42', '2021-08-17 23:15:42'),
(78, 'Ms.', 441.7100, '2050-04-10', 'medio uso', '2468 Thompson Lock\nForestmouth, DC 01244', 'https://www.hamill.org/qui-architecto-et-qui-soluta', 'Praesentium dolorum ad dolore enim accusantium voluptatem. Itaque at quaerat omnis qui autem minus ipsa. Velit eum et fugiat deserunt aut quis nisi. Doloremque ipsum qui itaque sit beatae maxime ut rerum. Fugiat provident repellat placeat molestiae sit est. Quisquam sint repudiandae est consectetur.', 15, 6, '2021-08-17 23:15:42', '2021-08-17 23:15:42'),
(79, 'Miss', 745.2500, '2032-06-30', 'usadango', '658 Bernier Harbor\nWest Caitlyn, NH 51551-6804', 'http://www.watsica.com/velit-optio-iure-doloribus-doloremque.html', 'Qui et hic aut qui consectetur delectus rerum enim. Dolores consequatur eaque velit sed praesentium repellendus quis. Dolorum quasi ea aliquam numquam. Corrupti adipisci qui ut nesciunt dignissimos excepturi. Consequatur reprehenderit sint accusantium quia. Dolor hic praesentium nihil recusandae. Tempora labore sed eligendi. Sequi minus id adipisci autem.', 3, 20, '2021-08-17 23:15:42', '2021-08-17 23:15:42');
INSERT INTO `anuncios` (`id`, `titulo`, `precio`, `fecha_publicacion`, `condicion_encuentra`, `ubicacion`, `enlace`, `descripcion`, `user_id`, `categoria_id`, `created_at`, `updated_at`) VALUES
(80, 'Dr.', 595.9300, '2032-03-25', 'usadango', '48450 Misael Dale\nNew Joshuahstad, NJ 54792', 'https://funk.info/laudantium-dolor-aut-voluptas-aut.html', 'Vel rerum ea totam deserunt nobis nihil sed omnis. Saepe voluptatum aut id explicabo quaerat id dolor. Qui magni quia quos sunt rem blanditiis error. Autem sed vitae qui iste hic est minima dolor. Et voluptatem officiis blanditiis qui eum culpa. Corporis aperiam omnis et quia numquam omnis laboriosam iusto. Ducimus autem rem ab sit maiores pariatur. Similique earum mollitia quasi sit omnis error hic ut. Et praesentium aut rerum omnis. Inventore id esse itaque numquam sed nihil.', 11, 23, '2021-08-17 23:15:42', '2021-08-17 23:15:42'),
(81, 'Dr.', 187.1800, '2031-03-28', 'usadango', '803 Kenyatta Road\nPort Addiemouth, NY 11839', 'http://schimmel.com/temporibus-autem-illum-quo-saepe-blanditiis-debitis-cum', 'Eaque ad tenetur quidem. Nesciunt recusandae facere ut et aut provident sequi. Ratione culpa eum libero. Perferendis voluptates quaerat sint eos tempore iure sint. Tempora recusandae ut aliquid. Velit et quia et nesciunt veniam dolorum natus. Pariatur veritatis repellat harum asperiores. Harum autem ratione aliquam. Qui veniam nostrum ducimus eius cupiditate. Quos et perferendis veniam occaecati ullam. At vitae qui doloribus qui.', 10, 2, '2021-08-17 23:15:42', '2021-08-17 23:15:42'),
(82, 'Miss', 49.9200, '2051-04-12', 'nuevo', '48496 Mark Land\nNorth Verla, ME 38381-2388', 'http://schamberger.com/molestias-delectus-laudantium-quas-aspernatur-magni.html', 'Vel doloribus repellendus facilis. Quasi sit quas id placeat vel neque. Quis doloremque voluptas est unde eum ipsam. Eos sit nulla facere dicta molestiae porro. Ratione vel eaque fugit inventore quis quibusdam. Debitis tempore illum facilis est incidunt et rerum. Deleniti esse dolorem nulla in consequatur numquam. Sapiente repellendus ea vitae repellat quod asperiores totam. Rerum nulla sed blanditiis quia quibusdam est et minus. Delectus qui alias qui quibusdam.', 10, 4, '2021-08-17 23:15:42', '2021-08-17 23:15:42'),
(83, 'Prof.', 890.1800, '2051-01-18', 'nuevo', '808 Bayer Trace\nLottieland, IL 96882-0545', 'http://www.langworth.com/ea-dicta-qui-debitis', 'Sed exercitationem quasi quos eum. Veritatis porro eos non ut et magni voluptas. Odio officiis hic corrupti at. Quia laborum aliquam ea totam. Voluptate aliquam nihil veritatis alias at itaque. Suscipit et modi ex assumenda alias. Libero saepe voluptatem debitis voluptatem. Quia aut recusandae in labore. Incidunt similique omnis qui aut eum sint qui aspernatur. Consequatur laudantium dolorem similique quisquam quam.', 10, 20, '2021-08-17 23:15:42', '2021-08-17 23:15:42'),
(84, 'Dr.', 481.4200, '2046-05-23', 'medio uso', '90512 Clint Roads\nHazlechester, UT 97968-5777', 'http://stark.com/eos-omnis-amet-ea-qui-beatae-et-earum.html', 'Rerum sit est rem facere est eos doloribus. Sunt molestias eum aut omnis sint reprehenderit aut. Quaerat non vel optio provident. Temporibus autem non eos dolor quibusdam doloribus. Aperiam quam hic exercitationem quod ab sed est mollitia. Eveniet saepe molestiae odit tenetur voluptatibus suscipit voluptatem delectus. Vero necessitatibus voluptate consequatur asperiores itaque ut quia. Numquam dolor officiis dolor error aut molestiae qui.', 10, 25, '2021-08-17 23:15:42', '2021-08-17 23:15:42'),
(85, 'Prof.', 173.7300, '2027-10-07', 'medio uso', '14285 Walter Mall\nAlfonsostad, NE 40585-1767', 'http://www.krajcik.info/accusamus-quia-eaque-iure-et-tempora-quia', 'Quo est ab esse in. Aliquid in sunt laborum aliquid aut. Eum totam enim nam rerum facere vel dolorem. Hic voluptates ratione omnis culpa. Ab molestiae inventore quis. Accusantium inventore quibusdam nemo saepe voluptas. Omnis qui velit nesciunt at ullam. Enim et et occaecati libero.', 11, 17, '2021-08-17 23:15:42', '2021-08-17 23:15:42'),
(86, 'Dr.', 516.7400, '2035-06-30', 'nuevo', '80039 Abernathy Station\nMarvinfort, LA 46241', 'http://www.lueilwitz.info/', 'Quia sunt qui libero ullam libero voluptatem facilis. Minima nemo ea atque deserunt numquam numquam. Nam repellendus quo dolores quis est ab excepturi. Aut qui et accusamus rerum ut rerum. Debitis ut earum atque vel odio quam unde. Voluptatum at id maiores totam non iure molestiae. Assumenda autem maxime minima voluptatem nihil. Commodi sed autem voluptate doloremque quae dolorum quis laboriosam. Id ut qui quo enim eos ut. Et provident ut in rerum optio fugiat alias.', 12, 6, '2021-08-17 23:15:42', '2021-08-17 23:15:42'),
(87, 'Ms.', 548.6800, '2050-10-06', 'usadango', '1201 Howell Crescent\nRyleyland, HI 71460', 'http://beier.com/', 'Voluptatem dicta ut est rerum eligendi dolor. Qui laborum soluta perferendis. Aperiam voluptas suscipit a nesciunt dolores magni. Dolorem et consequatur quia ab sed. Amet tempora exercitationem aut ut et animi et. Accusantium iste ipsa tempora. Ut accusantium et veritatis. Pariatur asperiores porro exercitationem. Delectus adipisci fugiat eos qui. Deserunt non ab ut.', 8, 21, '2021-08-17 23:15:42', '2021-08-17 23:15:42'),
(88, 'Dr.', 943.8400, '2051-02-19', 'medio uso', '963 Elaina Wells\nEast Monte, NC 53167', 'http://kuhn.net/quia-nisi-sed-ipsa-sed', 'Asperiores sint rem numquam sit cupiditate omnis. Vel explicabo quis vero neque. Nostrum ipsum sit laudantium aut iste necessitatibus. Eveniet perferendis non aliquid laboriosam deleniti molestiae. Et enim qui eum itaque. Distinctio et consequatur vel dolor dolorem error. Ullam fugiat nemo dolore et. Veniam earum reiciendis quia nemo. Et eum est et et.', 23, 18, '2021-08-17 23:15:42', '2021-08-17 23:15:42'),
(89, 'Dr.', 969.4400, '2036-01-09', 'medio uso', '95364 Jean Ford\nColinfurt, NH 97873-5811', 'https://www.maggio.com/voluptatum-facere-architecto-sit-culpa-iste-hic-modi', 'Provident recusandae odit qui earum aperiam quisquam consectetur. Non totam voluptatem est sit accusamus ut quis. Rerum architecto doloremque aut delectus. Perspiciatis vero explicabo at. Libero iure saepe porro voluptas iusto quae quis. Molestias voluptatem quo at minima neque sunt ipsa. Sunt voluptas iste minima nemo. Quibusdam fuga quo eum consequatur distinctio tempore. Odit nemo labore est laborum magnam et et. Excepturi iste voluptas quia quasi ea.', 7, 15, '2021-08-17 23:15:42', '2021-08-17 23:15:42'),
(90, 'Prof.', 188.0300, '2038-04-02', 'medio uso', '24651 Evalyn Stravenue Suite 318\nSouth Haleighville, CO 64348-2749', 'http://jacobs.net/et-et-architecto-eos-aut-voluptatem-reiciendis-voluptatem', 'Architecto maxime et rem. In est quis et. Perspiciatis accusantium at maiores eos occaecati non et laboriosam. Ut sunt omnis totam nam recusandae sed. Atque quaerat ut voluptate quas. Ex neque aspernatur nihil voluptates assumenda quidem voluptates. Et quis et consequatur. Atque minima delectus facilis fuga. A pariatur commodi et deserunt necessitatibus voluptatem rem. Et accusamus deleniti inventore atque fugit.', 27, 1, '2021-08-17 23:15:42', '2021-08-17 23:15:42'),
(91, 'Mrs.', 804.3800, '2047-08-11', 'medio uso', '97653 Strosin Tunnel Apt. 158\nNew Jaydeview, MN 35229', 'http://www.kertzmann.net/ut-amet-culpa-dolorem-nulla-facilis-nam', 'Deserunt est ut reiciendis accusamus et laborum. Odit consequuntur hic animi ipsam neque vero culpa. Magnam odio perferendis dignissimos id. Earum consequatur doloremque iusto quia. Asperiores sed quisquam qui reprehenderit qui perspiciatis cupiditate. Ut corporis ea laudantium odio explicabo. Sunt quo accusantium consequatur molestiae accusamus id deserunt. In fuga repellat iusto. Accusantium sit aut omnis voluptatibus amet quam recusandae quis. Expedita ducimus molestiae quis dolores id.', 12, 13, '2021-08-17 23:15:42', '2021-08-17 23:15:42'),
(92, 'Prof.', 632.3900, '2047-04-26', 'usadango', '4637 Casey Key\nIsabelview, DC 76139-8673', 'https://www.herzog.com/dicta-quam-molestiae-ut-accusantium-quibusdam', 'Nesciunt ut amet nesciunt et rerum explicabo repellat. Architecto rerum nemo itaque iste. Voluptatem omnis accusamus officia nobis eum. Magni corrupti iure molestias sunt qui dolorem. Enim est cum eius recusandae quia aliquam. Et sunt quia dicta minus id hic error quasi. Excepturi ipsam est excepturi et consequuntur quas et. Quae molestiae quaerat veniam in quo qui.', 2, 8, '2021-08-17 23:15:42', '2021-08-17 23:15:42'),
(93, 'Dr.', 833.8300, '2030-03-16', 'nuevo', '22728 Hester Union Suite 329\nSouth Leanna, VA 02114-7446', 'http://mohr.com/deleniti-quisquam-libero-eius-officiis-error-accusantium-rem', 'Et molestias voluptatem earum quis voluptate. Harum eum tenetur quia iste voluptas voluptates ipsa. Ipsam magnam dolores nostrum veniam ut laborum illo. Est perspiciatis quis rem quos vel. Impedit eveniet voluptatem autem voluptatum consequatur illum quisquam. Aut rerum consequatur officiis quos. Reprehenderit quia blanditiis accusamus non repellendus quo. Aut nulla adipisci vitae sunt sint est. Sint commodi ad expedita enim.', 27, 2, '2021-08-17 23:15:42', '2021-08-17 23:15:42'),
(94, 'Mrs.', 493.4400, '2026-05-13', 'usadango', '6393 Gutmann Field Suite 916\nRyantown, DE 89124', 'https://www.bradtke.net/sit-a-ut-architecto-cum-et-ut-eveniet', 'Dolorem ullam ex doloribus qui. Aut aperiam et vitae et sequi. Corporis hic molestias velit doloribus omnis praesentium dicta. Cupiditate neque ducimus id sint amet omnis. Dolorum cupiditate animi illum voluptas soluta. Eos natus repellendus quod expedita dolorum aut similique ea. Numquam qui modi voluptas dolorem aut magnam. Voluptatem nobis est consequatur voluptatem atque sapiente.', 1, 2, '2021-08-17 23:15:42', '2021-08-17 23:15:42'),
(95, 'Prof.', 880.4800, '2025-11-12', 'nuevo', '320 Clare Plaza\nNew Sandratown, SD 89342', 'http://www.weissnat.com/rerum-ut-nam-consequuntur-eos-modi-sit-accusantium.html', 'Eveniet mollitia in et non aut. Et et voluptatem soluta dolores repellendus excepturi molestias minima. Minus velit possimus ut quisquam sed non et enim. Ea nam veniam mollitia ex. Rem totam ducimus dolores in quo similique. Beatae et qui neque temporibus id est. Voluptatem ut molestiae deleniti iste ex ullam. Quos maiores nisi sint totam illo. Sapiente consectetur aut omnis ipsa voluptas sapiente et. Rerum in aspernatur nihil in. Molestiae ad sapiente enim voluptatum autem.', 25, 21, '2021-08-17 23:15:42', '2021-08-17 23:15:42'),
(96, 'Ms.', 537.3600, '2043-05-26', 'medio uso', '1988 Cathryn Path\nDanielbury, NV 76813', 'http://konopelski.com/', 'Saepe delectus sapiente placeat laborum vel. Sint earum nobis ipsum est molestiae nostrum aut. Corporis sit non autem sequi labore. Est doloremque est voluptatem odio sit amet. Sunt atque esse rerum quia maiores nesciunt mollitia. Omnis ut cupiditate placeat ab enim voluptatem asperiores. Molestiae excepturi est libero quas. Voluptatem eum quis pariatur. Quae qui ullam et inventore molestiae. Recusandae nemo consequatur sed blanditiis debitis quisquam et sequi. Sint quas dolores dolores.', 29, 6, '2021-08-17 23:15:42', '2021-08-17 23:15:42'),
(97, 'Dr.', 738.2400, '2031-10-15', 'nuevo', '37692 Jamal Camp\nPort Kaylah, KS 54880-1213', 'https://www.mosciski.com/omnis-nulla-vitae-sed-dolor', 'Aut illum non corrupti repellendus omnis ad. Omnis voluptatem voluptatem dicta et voluptas. Laudantium incidunt provident perferendis qui. Libero quia porro in minus sapiente magnam in. Eos quae aut maiores sunt est quo officia. Quis amet odit non delectus recusandae earum cum. Voluptatem repellat unde qui aut hic velit labore. Minima recusandae autem hic corporis sunt illum.', 7, 18, '2021-08-17 23:15:42', '2021-08-17 23:15:42'),
(98, 'Dr.', 776.8600, '2050-02-10', 'nuevo', '94278 Satterfield Manors\nWest Silas, KS 24011-7664', 'http://beer.com/occaecati-pariatur-accusantium-ea-beatae-voluptate-aspernatur-perferendis-a.html', 'Dicta in corrupti omnis et doloremque. Non nesciunt facere et voluptatem tenetur voluptas magnam. Magnam praesentium commodi voluptas dolor. Autem et hic rerum et tempore tempore. Commodi tenetur rerum reiciendis repellendus rerum vitae optio. Qui asperiores quidem molestias veniam neque. Quod veritatis numquam iure maxime. Quidem consequatur maxime officia. Pariatur sequi et vel voluptatibus ducimus eos. Quia impedit ipsum quo autem quo.', 24, 28, '2021-08-17 23:15:42', '2021-08-17 23:15:42'),
(99, 'Miss', 457.8100, '2034-09-07', 'usadango', '703 Stewart Ranch Suite 862\nAbelardotown, CO 94213', 'http://strosin.biz/possimus-quia-id-atque-fuga-debitis-et.html', 'Laboriosam inventore perferendis sunt quis est voluptas. Ducimus dignissimos veritatis sunt nesciunt magnam amet. Accusamus ipsum nobis a ducimus. Dolore et est sint corrupti unde officiis sunt. Nihil molestiae dolores aut qui dolor pariatur. Autem expedita id molestiae beatae iusto. Velit mollitia est enim. Aspernatur repudiandae unde enim possimus. Exercitationem autem ut fugiat corrupti architecto. Aut recusandae dolores ipsum.', 20, 30, '2021-08-17 23:15:42', '2021-08-17 23:15:42'),
(100, 'Dr.', 119.1900, '2039-03-22', 'nuevo', '18203 Hessel Spring Apt. 149\nSouth Zechariahborough, PA 21894-6965', 'http://okon.com/ea-recusandae-reiciendis-consequatur-sint-odit-debitis.html', 'Mollitia aliquid officia sunt est. Molestiae nam adipisci consectetur possimus sit blanditiis totam qui. Et distinctio non fugiat vero eos excepturi porro. Ipsa pariatur pariatur nihil hic. Illo voluptatem consectetur suscipit. Iste sapiente vero illo illo. Odio sunt vero repellat et nostrum numquam facere. Id quod impedit est maiores est nemo.', 26, 27, '2021-08-17 23:15:42', '2021-08-17 23:15:42'),
(101, 'Mrs.', 560.3300, '2035-04-10', 'usadango', '3816 Darby Cape Suite 553\nKonopelskistad, IL 49009', 'http://hudson.com/earum-consequatur-sunt-quia-iure-ipsam-at.html', 'Molestiae eum occaecati iste vel amet. Voluptates mollitia suscipit molestiae. Quisquam laborum atque velit exercitationem tempora laudantium officiis rerum. Eaque ratione ab id inventore qui. Dolores perferendis eos eius nesciunt distinctio assumenda omnis autem. Molestias reiciendis consequuntur in eum ducimus voluptatem quia eos. Autem et vero sit fuga assumenda. Velit et reiciendis a rerum.', 6, 6, '2021-08-17 23:15:42', '2021-08-17 23:15:42'),
(102, 'Dr.', 411.2500, '2021-09-13', 'medio uso', '688 Barton Fields Apt. 980\nLake Alessandro, KS 50099-3683', 'http://www.bogan.org/beatae-eaque-perspiciatis-doloremque-ut-dolores-facere.html', 'Dolorem odit assumenda et neque iure molestiae. Dignissimos voluptatum pariatur veritatis qui iure veniam sunt. Assumenda nobis et sit. Deleniti aut eum quis id quia qui. Fuga fugit voluptatem itaque dolores. Molestiae non vitae iusto voluptate ea. Iusto libero ducimus quia qui quibusdam. Totam enim qui dolorum ut iure. Et sint quo assumenda qui. Ad illo sapiente est excepturi et enim.', 24, 8, '2021-08-17 23:15:42', '2021-08-17 23:15:42'),
(103, 'Mr.', 877.4300, '2034-02-01', 'usadango', '5706 Marilou Points Apt. 192\nNorth Arnulfoview, ME 58592-7814', 'http://www.erdman.org/', 'Ut et aut beatae laborum. Est nihil maxime repellendus beatae sunt accusantium exercitationem. Autem velit sed ipsam rem eum rem eaque. Officiis laudantium nihil adipisci corporis ut. Quibusdam est sit enim consequatur autem similique consectetur. Eligendi iste eum fuga et officiis est inventore. Beatae praesentium voluptatibus rerum consequatur molestiae. Accusamus quia voluptatem earum recusandae quas reprehenderit culpa. Voluptatem eveniet eaque a id.', 11, 17, '2021-08-17 23:15:42', '2021-08-17 23:15:42'),
(104, 'Miss', 342.1300, '2048-05-18', 'nuevo', '96436 Chanelle Unions Apt. 209\nLake Cindyburgh, KS 72843-4398', 'http://bogan.net/harum-nobis-facere-perspiciatis-vel-natus.html', 'Sit sit unde sunt minima iste. Provident enim asperiores qui aspernatur. In architecto id ab voluptas dolores officiis reprehenderit ut. Excepturi ipsum fugit est cum at. Quod modi porro soluta aut consectetur in molestiae. Voluptas dolor qui aut sunt voluptatibus aut doloribus qui. Commodi doloremque adipisci possimus similique dolore laboriosam quia. Quis quia fuga vel animi. Aut ut ullam reiciendis.', 18, 18, '2021-08-17 23:15:42', '2021-08-17 23:15:42'),
(105, 'Ms.', 629.9900, '2022-12-14', 'nuevo', '338 Treutel Circle\nEast Angel, ND 02386', 'http://www.wilkinson.com/', 'Quis reprehenderit delectus dolor aut. Laudantium aspernatur quam nesciunt qui provident quis ea quis. Accusantium saepe quisquam nesciunt quidem perspiciatis. Fugiat rerum qui non est expedita laboriosam dolor. Dolorum officia molestiae totam suscipit. Quae non ipsum aut dolores. Vitae facere sapiente quo qui aut. Est nulla enim sed autem et.', 16, 2, '2021-08-17 23:15:42', '2021-08-17 23:15:42'),
(106, 'Miss', 584.1100, '2033-12-30', 'nuevo', '2442 Juvenal Ridges Apt. 310\nLake Casey, OH 21652-5918', 'http://auer.info/voluptatem-sint-dicta-perspiciatis-deserunt-eaque-et', 'Molestias corrupti exercitationem ut. Eveniet nostrum debitis voluptatem quis nobis excepturi. Fuga debitis fugiat nesciunt occaecati ut similique doloribus. Itaque officiis error vel excepturi. Delectus assumenda mollitia dignissimos aliquid eius. Atque eaque dicta ut sed numquam ipsum dicta. Aut magni animi labore. Et accusantium quos est dicta.', 2, 7, '2021-08-17 23:15:42', '2021-08-17 23:15:42'),
(107, 'Dr.', 807.2900, '2043-03-29', 'usadango', '108 Bins Cove\nFlavieport, MS 50479', 'http://howell.com/aut-a-ipsa-at-nam-dicta-doloribus-ullam', 'Aut quia porro est minus enim quaerat eum amet. Possimus rem voluptatibus eaque magnam repellendus. Vitae occaecati dolorem nemo non commodi. Et fugit et consectetur ducimus. Aut accusantium reiciendis natus optio. Animi nihil soluta enim alias et odio quo dolorum. Sunt est enim unde fugiat voluptas quas adipisci.', 18, 26, '2021-08-17 23:15:42', '2021-08-17 23:15:42'),
(108, 'Dr.', 317.8400, '2029-10-20', 'medio uso', '562 Schmitt Flats Suite 349\nRandimouth, UT 41353-3445', 'http://haley.info/quia-rerum-tempore-voluptatum-nihil-neque-qui-laboriosam', 'Quia quis id cum ea dolores. Inventore at aut iusto. Dolorum delectus amet consectetur eos quasi dolores. Numquam distinctio neque velit suscipit. Consectetur aliquam repudiandae id id. Illo vitae dolores alias dolore illo laudantium. Quam aliquam et eligendi quasi voluptas. Sit error ea qui nemo. In dolor incidunt autem sit. Consequatur recusandae illo dolores aut. Ratione dolor odit vero reprehenderit. Quaerat id ullam dolorem exercitationem provident laudantium et.', 2, 24, '2021-08-17 23:15:42', '2021-08-17 23:15:42'),
(109, 'Prof.', 534.8600, '2042-05-18', 'nuevo', '9412 Cordie Ports\nSouth Parker, RI 71553', 'http://www.kihn.com/consequatur-alias-impedit-repellat-esse-aut', 'Et doloremque pariatur occaecati iusto cumque. Sed veniam quo repellat maxime omnis id. Voluptates aut fugiat et nihil ad mollitia aperiam. Voluptates magnam quasi dolores ducimus voluptatum. Tempore sunt rem sit consequatur distinctio. Et rem libero quo. Deleniti in veniam ipsum ducimus minus accusamus repudiandae. Provident et aliquid reprehenderit omnis. Voluptatem explicabo consequatur quisquam. Consequatur non pariatur consequatur sapiente necessitatibus sit voluptatum.', 24, 7, '2021-08-17 23:15:42', '2021-08-17 23:15:42'),
(110, 'Mr.', 736.9800, '2045-12-29', 'medio uso', '66337 Bayer Village Apt. 564\nWest Alyshamouth, WA 56273-6422', 'http://www.casper.com/', 'Maxime explicabo atque nihil voluptates quibusdam architecto. Blanditiis et cumque quis cum sit blanditiis consequatur quidem. Illum ea in animi nesciunt. Aut est mollitia consequatur sit nemo nemo. Non ipsam est et adipisci. Enim distinctio fugit aut animi. Vero est officiis corporis expedita veritatis. Commodi optio in sapiente commodi eveniet. Doloribus laboriosam id ratione fugit harum magni distinctio. Omnis vel est non necessitatibus.', 8, 11, '2021-08-17 23:15:42', '2021-08-17 23:15:42'),
(111, 'Dr.', 654.2600, '2050-07-31', 'nuevo', '57591 Myah Turnpike Suite 888\nNorth Anabellechester, MO 17405', 'http://www.runte.com/non-nulla-ut-ut.html', 'Omnis quaerat doloribus recusandae iusto ullam enim. Et mollitia aliquam qui omnis qui. Dolor omnis cupiditate eos aspernatur repellendus consectetur. Et ullam quia voluptatem et ut. Totam ut dolorem illo ea. Dignissimos nostrum autem autem earum necessitatibus explicabo. Laudantium dolor aut alias est.', 2, 3, '2021-08-17 23:15:42', '2021-08-17 23:15:42'),
(112, 'Ms.', 958.0100, '2041-12-20', 'usadango', '5446 Dooley Highway\nWildermanside, MD 30924', 'http://weissnat.com/perspiciatis-praesentium-delectus-necessitatibus-incidunt-ad-nihil-eaque-nisi', 'Voluptas id maiores molestiae omnis dolorum nostrum. Iure repudiandae labore cumque perspiciatis qui perspiciatis dolores. Corporis ex ducimus officiis quas quis. Recusandae quam sed nemo odit. Harum qui beatae iure architecto maiores tempora sequi sit. Consequatur maiores provident neque. Eum necessitatibus facilis aut perferendis alias sint. Sapiente rerum molestias accusantium sunt nam sapiente quaerat ut. Voluptas nam eum maxime similique quo.', 5, 25, '2021-08-17 23:15:42', '2021-08-17 23:15:42'),
(113, 'Prof.', 477.1500, '2029-02-02', 'nuevo', '2789 Klein Parkway\nLake Jerome, OR 94688-2210', 'https://senger.com/error-qui-ea-omnis-omnis-voluptate-et.html', 'Magnam et atque cupiditate ipsum ipsum adipisci id. Incidunt laborum blanditiis qui architecto et. Voluptatibus vel ut consequuntur quia laborum. Et qui hic amet explicabo unde quasi quae. Quaerat vel soluta ab aliquid asperiores ut aut earum. Commodi illum velit veniam et molestiae. Velit quis iusto dignissimos repellendus aut ullam impedit. Ut harum rerum hic temporibus necessitatibus quod. Cumque autem distinctio aut enim quae autem porro.', 20, 20, '2021-08-17 23:15:42', '2021-08-17 23:15:42'),
(114, 'Ms.', 471.9100, '2046-01-03', 'usadango', '93512 Jacquelyn Orchard Suite 477\nLake Garretport, OH 32831', 'http://www.watsica.com/nam-modi-sit-explicabo-et', 'Rerum repudiandae maxime tenetur illum. Tenetur rerum repellendus placeat inventore voluptatibus. Suscipit voluptatem est a deserunt. Ut reiciendis iste voluptate veniam autem nulla veniam. Similique a et quasi dolor et corporis. Dignissimos veniam tempore reiciendis. Quisquam sunt numquam neque reprehenderit. Laboriosam qui provident ut. Et ut libero nobis assumenda. Repellendus et cum omnis minus autem. Incidunt iure dolor tenetur velit esse.', 25, 28, '2021-08-17 23:15:42', '2021-08-17 23:15:42'),
(115, 'Prof.', 148.9000, '2051-01-22', 'medio uso', '974 Reese Flat\nNew Crystelville, NE 50910', 'http://paucek.com/laudantium-magni-molestiae-quis-asperiores', 'Sit ex et harum harum ullam. Et officiis nisi magnam quibusdam. Dolores officiis dolorem possimus. Reiciendis dolorem suscipit qui dolorum eveniet dolore omnis. Numquam iure voluptas in qui voluptas ullam. Qui sit ratione est temporibus est et nemo. Qui eum soluta voluptas maiores distinctio delectus. Expedita modi blanditiis necessitatibus dignissimos. Iure dignissimos sequi at consequuntur voluptate alias.', 15, 29, '2021-08-17 23:15:42', '2021-08-17 23:15:42'),
(116, 'Dr.', 816.2600, '2037-01-05', 'usadango', '94660 Wehner Groves Suite 566\nEast Savanahside, AR 51305-0778', 'http://www.bashirian.biz/omnis-magni-quisquam-rerum-molestias-tempore-porro-suscipit', 'Qui animi et quidem corrupti consequatur. Omnis cupiditate doloribus laborum itaque autem voluptas illo. Qui unde dolores aliquam sed architecto id. Asperiores et ad cumque. Sint distinctio aspernatur quae iure. Ea pariatur delectus fugiat omnis nisi. Dicta id quisquam exercitationem iste. Illum reiciendis quas aliquam qui.', 29, 4, '2021-08-17 23:15:42', '2021-08-17 23:15:42'),
(117, 'Miss', 287.3100, '2035-06-28', 'nuevo', '758 Bernhard Groves\nLednerhaven, KS 44647-8940', 'http://gaylord.info/suscipit-nulla-est-sed-et', 'Assumenda nihil corrupti dolores delectus voluptatum adipisci aut autem. Sit nihil assumenda non omnis sunt modi. Voluptate eaque nesciunt repellat quos ut maxime. Cupiditate ullam explicabo distinctio ut esse omnis error. Excepturi est id assumenda officia. Error omnis eveniet quis deserunt maiores magni. Porro exercitationem placeat sed eos voluptates. Tenetur molestiae magni veniam id veniam distinctio fugiat. Id et unde blanditiis dolorem aut vel.', 9, 14, '2021-08-17 23:15:42', '2021-08-17 23:15:42'),
(118, 'Dr.', 52.2700, '2026-07-29', 'usadango', '552 Emerald Springs\nPredovicville, CO 37062', 'http://barton.com/nihil-sed-eligendi-perferendis-et', 'Et rerum consequatur nihil qui enim a aliquid. Sapiente est aspernatur ratione aut consectetur. Sed quos aut quibusdam eum omnis est vero. Non architecto totam aut iusto velit. Perferendis aut eum molestias dignissimos similique esse architecto eos. Dolorem alias numquam eos aspernatur a saepe. Rerum nesciunt commodi ipsam omnis aspernatur aut.', 27, 16, '2021-08-17 23:15:42', '2021-08-17 23:15:42'),
(119, 'Miss', 492.6000, '2049-07-29', 'usadango', '14812 McCullough Coves Apt. 421\nPort Casandraport, UT 45181', 'http://oconnell.com/nostrum-ullam-fugiat-laudantium.html', 'Eveniet id porro atque voluptate autem. Sunt dolorem repellat accusamus aut hic officiis. Consectetur consequatur sapiente qui error ut repellat. Blanditiis accusantium velit enim aut impedit et molestiae odio. Occaecati est aut mollitia vitae. Nisi velit voluptatem hic id ea. Exercitationem et explicabo ullam nisi doloremque.', 13, 1, '2021-08-17 23:15:42', '2021-08-17 23:15:42'),
(120, 'Prof.', 517.9900, '2031-09-27', 'usadango', '1225 Noel Place\nConsidineview, WV 13938-8970', 'http://mckenzie.biz/praesentium-mollitia-enim-sed-tempore-quis-quia-aut.html', 'Quia corporis inventore alias repudiandae. Quo voluptatem exercitationem excepturi non qui debitis voluptatem. Nisi ex repudiandae est voluptatem temporibus. Aut architecto doloremque est nisi aut alias. Non qui sint deleniti iure asperiores molestiae. Deserunt quia incidunt quibusdam nemo in. Sunt ut iure maiores repellendus sit. Voluptates omnis ex iste occaecati rerum vel.', 15, 8, '2021-08-17 23:15:42', '2021-08-17 23:15:42'),
(121, 'Dr.', 555.8100, '2022-12-02', 'usadango', '741 Duane Lock\nEast Perry, TN 65099-4514', 'http://renner.com/dolores-et-est-dignissimos-inventore', 'Placeat nihil sunt sapiente consequatur hic esse. Qui rerum sit qui fugiat iste pariatur. Ducimus suscipit debitis eaque repellendus deleniti labore. Occaecati nostrum excepturi laudantium dolores. Est cumque quaerat ut ab. Ut sit dolorem atque delectus. Aliquam ea voluptas nostrum. Officia molestias dignissimos harum saepe iste non sit.', 8, 30, '2021-08-17 23:15:42', '2021-08-17 23:15:42'),
(122, 'Dr.', 61.2400, '2049-10-11', 'nuevo', '951 Octavia Court\nBoganland, ID 72748', 'http://www.gerhold.biz/consectetur-corrupti-libero-molestiae-nam-quis-repellendus-quaerat-quia', 'Voluptatem laborum ea et hic. Id eum dolorem ex magnam saepe dolorum omnis. Magni fugit ipsum beatae. Doloremque nesciunt voluptatem odio sit debitis est et. Iusto dolor aspernatur vitae atque et. Eum voluptate sint beatae. Deleniti labore aut in ut incidunt iusto cumque. Est doloremque libero sint eius quisquam. Quae accusantium tempora magni excepturi est ut. Illo laborum assumenda maiores ipsa. Quo delectus dolor sint.', 6, 4, '2021-08-17 23:15:42', '2021-08-17 23:15:42'),
(123, 'Mr.', 507.8500, '2036-05-01', 'medio uso', '83951 Fritsch Via Suite 779\nEast Ethelyn, AK 02198-5956', 'http://www.treutel.com/dolores-voluptas-eius-impedit-tenetur-consectetur-iure-natus', 'Hic architecto et et et eos dolores in. Qui sequi neque sapiente occaecati. Eius autem dolores quia non. Est blanditiis laboriosam rerum eligendi fugiat. Ipsa ut velit debitis porro facere aspernatur recusandae. Dicta culpa quo expedita voluptatum esse exercitationem nihil. Est molestiae tempore laboriosam natus non.', 30, 12, '2021-08-17 23:15:42', '2021-08-17 23:15:42'),
(124, 'Prof.', 203.8700, '2031-12-16', 'medio uso', '4033 Kamille Streets\nWolfchester, ID 75915-7115', 'http://www.bailey.com/iste-enim-dolor-ut-velit-quasi-quidem-ab', 'Ad quo odio non ut deleniti. Dolor veritatis molestiae vero adipisci dolorem repudiandae eum. Adipisci eos id repellendus amet incidunt quis hic. In dolor ea sunt quos dolor. Amet quis ut qui ut nemo atque harum. Mollitia velit modi qui blanditiis nihil. Dolorum explicabo tempora quos sed laborum possimus. Laborum voluptates rerum reiciendis in. Enim veniam consequatur odit dolorum aspernatur esse quaerat.', 6, 13, '2021-08-17 23:15:42', '2021-08-17 23:15:42'),
(125, 'Mr.', 757.5800, '2027-04-29', 'usadango', '391 Bruen Circle Suite 492\nSouth Raefurt, MT 85638', 'http://langosh.org/possimus-architecto-sint-aut-nihil-quia-qui.html', 'Vel eum at explicabo distinctio nobis. Explicabo aliquid fugit expedita deleniti quia nam. Quia optio rerum omnis ex ullam eos consequatur. Voluptatibus alias non et quasi cum est. Et aspernatur omnis in laboriosam eaque velit. Omnis est inventore beatae voluptatem. Culpa numquam numquam omnis commodi nemo odio. Hic eius blanditiis repellat et totam velit quia.', 30, 1, '2021-08-17 23:15:42', '2021-08-17 23:15:42'),
(126, 'Mrs.', 527.4500, '2027-04-01', 'usadango', '715 Robel Well Apt. 998\nNorth Angelton, AZ 46152-1537', 'http://bailey.com/similique-occaecati-adipisci-illum-tempore-neque-quos-ut', 'Perspiciatis voluptatum dolore iste aut asperiores reprehenderit et numquam. Quia omnis dolores aut praesentium quo dolorem ratione ipsa. Mollitia ut in repellendus dolorum quod qui dolores. Modi animi velit tenetur quo dignissimos voluptas at. Eos reprehenderit ea qui voluptatem. Molestiae dolores molestiae delectus et magnam. Sit et modi qui et recusandae et in. Ex voluptatibus exercitationem et totam.', 8, 6, '2021-08-17 23:15:42', '2021-08-17 23:15:42'),
(127, 'Prof.', 457.4300, '2021-12-04', 'medio uso', '959 Dereck Lodge\nWaelchiview, MT 00811-9959', 'http://welch.biz/veritatis-enim-cumque-ea-maiores', 'Reprehenderit nam eaque recusandae. Iure minima suscipit necessitatibus et. Et accusantium laborum inventore et ipsum tempore reiciendis. Tempore et qui ea dolores qui minus voluptatibus. Ut ullam eos molestiae ea est. Voluptas vel minima facere pariatur ducimus culpa numquam. Ad aut sit maiores fugit. Cum deserunt accusantium quae. Aut alias rerum voluptas et illo magni. Voluptas est sunt ad nam.', 21, 29, '2021-08-17 23:15:42', '2021-08-17 23:15:42'),
(128, 'Prof.', 702.9200, '2028-10-05', 'medio uso', '8494 Little Ports Apt. 680\nWest Kobeburgh, IA 22832', 'https://renner.net/exercitationem-culpa-odio-quidem-sit-esse-aliquam-temporibus-non.html', 'Quae sed doloremque perspiciatis. Sequi alias cum aut commodi accusamus voluptatem. Repudiandae quibusdam consequatur deleniti placeat. Sint minima laudantium ipsum eligendi recusandae et. Illum pariatur ut delectus odio modi et voluptas. Fugit tempore voluptates fugiat unde. Perferendis neque quisquam odit expedita iusto aut aspernatur autem. Commodi et laudantium natus rerum vero est tenetur.', 26, 19, '2021-08-17 23:15:42', '2021-08-17 23:15:42'),
(129, 'Ms.', 983.2500, '2048-01-09', 'usadango', '7915 Marianna River\nEast Aishafort, MO 66583-4245', 'http://farrell.net/', 'Perspiciatis vel et quo totam alias ipsam. Autem assumenda cupiditate voluptas adipisci. A neque sunt quidem et dolorum doloremque aut. Omnis qui iste aut maxime eum consequatur. Cupiditate nobis eos fugit officia. Architecto corporis ut illo molestiae. Repellat sed hic cumque temporibus culpa rerum. Voluptas fugit quo ab architecto natus quia. Aliquid est consectetur modi atque ut delectus. Nam et officia eum atque reprehenderit qui unde. Omnis incidunt aut debitis nobis.', 10, 13, '2021-08-17 23:15:42', '2021-08-17 23:15:42'),
(130, 'Miss', 839.8100, '2031-10-03', 'nuevo', '492 Murphy Bypass Apt. 825\nLake Karolannberg, AK 15170-4009', 'http://bosco.biz/', 'Et incidunt cum at dolorem et hic aut odit. Quos incidunt incidunt impedit dolore illum. Quia molestiae officia nisi alias. Debitis dolor facere laborum placeat. Sed dolore qui autem ducimus. Reprehenderit quo vel quia distinctio voluptatem. Vel saepe et aut aut modi incidunt. Ex quo saepe autem aperiam quod quaerat. Quia quaerat dolorem error voluptatibus quis eos.', 24, 2, '2021-08-17 23:15:42', '2021-08-17 23:15:42'),
(131, 'Prof.', 949.2600, '2032-07-15', 'medio uso', '4621 O\'Kon Flats Apt. 284\nNew Autumnville, OH 24031', 'http://bartoletti.com/vero-sint-molestias-ut-dolores', 'Nihil nihil deserunt natus qui quos. Eaque voluptatem vitae minima aliquid. Nam earum ut aperiam ipsum placeat expedita sunt. Voluptates hic consectetur porro amet eligendi eveniet. Aut soluta quos ut quibusdam. Dolores assumenda eius provident in fugiat. Magnam sint aliquam assumenda sint odio. Dolores eaque in itaque fugit.', 6, 25, '2021-08-17 23:15:42', '2021-08-17 23:15:42'),
(132, 'Prof.', 477.7500, '2024-01-21', 'medio uso', '596 Bogan Course Suite 784\nSadyeland, AR 33653-3933', 'https://www.harvey.biz/esse-nostrum-iste-et-illo-est-quia', 'Aut non delectus et ipsum animi impedit rerum in. Quaerat libero qui enim pariatur dicta. Omnis alias reprehenderit molestiae qui molestias incidunt in. Asperiores quidem voluptates commodi consequatur ullam rem natus. Impedit in neque illo in. Eum dolor ipsa atque atque quae iure porro. Nesciunt est deserunt nisi ullam ad. Aut sit ex quasi omnis dolor.', 4, 3, '2021-08-17 23:15:42', '2021-08-17 23:15:42'),
(133, 'Dr.', 349.4800, '2036-02-21', 'nuevo', '9471 Shields Forest Suite 463\nTheresiachester, DC 65731', 'http://pfeffer.com/accusantium-ratione-cumque-eos-nihil', 'At voluptatibus vero facilis quae ab. Rem sed tempora id ut iusto ut. Debitis ratione distinctio delectus et voluptatem voluptatem aut. Itaque esse explicabo vel et est quidem. Omnis beatae nam dolore sint laboriosam enim quis autem. Ut ut exercitationem harum deserunt inventore facilis. Sed et minus voluptatem non odit. Fuga unde cumque dolores sed beatae ipsa maxime recusandae. Ea laborum quo veritatis asperiores natus.', 26, 19, '2021-08-17 23:15:42', '2021-08-17 23:15:42'),
(134, 'Prof.', 165.0200, '2036-09-14', 'usadango', '993 Charlie Crossing Suite 239\nWest Abdullah, PA 23838', 'http://www.mueller.net/omnis-quia-eligendi-in-aliquam-et', 'Ut itaque qui nulla esse repudiandae autem commodi. Alias debitis officiis qui sapiente ut et. Vel occaecati sunt aliquid commodi incidunt aspernatur aut. Ut porro deserunt est culpa non. Autem quo a harum dolor. Sit et dolor rem impedit culpa harum dolorem. Nulla autem doloremque consectetur ipsa aut. Omnis facilis doloribus dolores. Eum velit adipisci ut impedit illo vitae. Animi excepturi consequatur atque sit modi. Reprehenderit dicta totam odit assumenda dignissimos nihil.', 5, 24, '2021-08-17 23:15:42', '2021-08-17 23:15:42'),
(135, 'Ms.', 962.3900, '2037-01-22', 'nuevo', '65995 Annetta Plains\nAufderharbury, MN 04019-0228', 'http://heller.org/', 'Numquam sint esse unde aut iusto velit laboriosam. Fugit non et tempore ea. Sit qui unde modi excepturi quis laudantium et debitis. Ducimus ut sed dolore quidem quis eos recusandae doloribus. Dolor aspernatur perspiciatis enim est voluptatibus dolor incidunt impedit. Molestiae enim molestiae eligendi debitis. Culpa quia consequatur optio fuga sint tempore ipsa qui.', 2, 2, '2021-08-17 23:15:42', '2021-08-17 23:15:42'),
(136, 'Prof.', 938.4800, '2033-07-09', 'nuevo', '693 Rutherford Squares\nNorth Maryse, CT 16396', 'http://www.willms.com/', 'Repudiandae quidem corporis error. Fugiat autem repellendus quos quaerat iure molestiae. Culpa quasi voluptatibus praesentium voluptatem voluptatem. Voluptatibus fugit soluta animi corrupti quisquam. Sint quos minus beatae in ut dolor dolorem. Voluptatibus cum reprehenderit ullam dicta deserunt magni aut dicta.', 6, 3, '2021-08-17 23:15:42', '2021-08-17 23:15:42'),
(137, 'Mrs.', 752.4800, '2034-01-02', 'usadango', '635 Angel Islands Apt. 902\nPort Magdalen, CO 68882-2747', 'https://www.batz.com/et-officia-quis-aliquam-quaerat-vero-rerum-aliquam-molestias', 'Rem excepturi et vitae velit ea quas. Odit mollitia sed voluptas nemo voluptatem placeat. Omnis vel voluptatem voluptatem. Eius dolores quia est rem. Et distinctio et molestiae quibusdam veniam enim. Distinctio officiis velit quidem minus culpa dolor. Beatae quia delectus corporis quaerat asperiores sed. Fugit ut ullam corporis. Aut provident voluptas quasi quam quis id.', 3, 8, '2021-08-17 23:15:42', '2021-08-17 23:15:42'),
(138, 'Prof.', 702.3200, '2045-04-22', 'usadango', '943 Chelsey Station Apt. 298\nNew Rory, NC 90709-9493', 'http://www.hayes.info/aut-eos-accusantium-voluptatum-esse-assumenda', 'Deserunt qui aut deserunt et optio. Ipsum esse animi quia et quasi. Nisi sunt error est sint est eos magnam. Reprehenderit mollitia sunt quos laboriosam ut libero et. In porro ex voluptas modi. Qui et sed cum perspiciatis. Aut ratione dolores laudantium enim.', 10, 11, '2021-08-17 23:15:42', '2021-08-17 23:15:42'),
(139, 'Prof.', 9.0800, '2034-05-17', 'nuevo', '1523 Jerald Summit Apt. 739\nNorth Nayeliburgh, PA 45192', 'http://www.gislason.com/ea-rerum-omnis-consequatur-ipsum-et-saepe.html', 'Ut dignissimos esse enim quam aut. Debitis quia distinctio voluptatum harum ut soluta. Consequatur consectetur facilis repellat odio et fugiat. Dolor id quidem aliquam voluptatem. Laborum pariatur quo ad voluptate quidem autem aliquid. Et adipisci consequatur asperiores aut odit qui. Facilis nam sit sed. Voluptatem sit voluptatibus perspiciatis dolores. Minus eveniet consectetur illo rerum quisquam animi voluptatibus. Neque qui saepe laboriosam perferendis.', 3, 2, '2021-08-17 23:15:42', '2021-08-17 23:15:42'),
(140, 'Dr.', 360.5100, '2025-03-18', 'nuevo', '1909 Grover Island\nSadyeburgh, MA 86107', 'http://www.prohaska.com/', 'Aut vel explicabo autem vitae eaque suscipit. Consequuntur explicabo tenetur rem distinctio est rem ratione. Consequatur rem eum adipisci facilis consequatur. Eum qui dolorem sed ut est beatae in. Nihil sequi sunt quia et at ea. Voluptatem excepturi quibusdam quam temporibus. Commodi et qui minima cumque dolor quis.', 8, 20, '2021-08-17 23:15:42', '2021-08-17 23:15:42'),
(141, 'Mr.', 698.3400, '2035-08-12', 'medio uso', '1305 Winnifred Crest Apt. 170\nEast Rosellaland, TX 93806-6980', 'http://steuber.com/dolores-aut-est-et-consectetur-cum-necessitatibus-laudantium-fugit', 'Quia eius dignissimos dolores voluptatem odit vel. Ut harum voluptatibus voluptates et qui ipsam. Molestiae maiores natus eum facilis. Provident nesciunt maiores adipisci. Sit rerum inventore quam voluptatem rerum. Quis autem et adipisci ut dolores doloribus quia ab. Occaecati itaque aut et quas soluta sequi. Esse labore quaerat tempore reiciendis sunt. Recusandae ducimus sunt non animi id quisquam.', 1, 10, '2021-08-17 23:15:42', '2021-08-17 23:15:42'),
(142, 'Prof.', 679.2800, '2051-03-06', 'nuevo', '38336 Kelley Haven Apt. 704\nNew Ally, WY 72621', 'https://www.gleason.com/sed-est-iusto-eos-molestias-pariatur', 'Possimus ducimus ratione vel magnam perferendis sit consequatur. Et sint nobis consequatur consequatur veritatis nihil. Ipsam praesentium ad omnis sit minima voluptatem. Consequuntur rem dolores ab laudantium nemo sint explicabo. Omnis velit sit tenetur ut ullam modi consectetur. Aut sapiente ratione aperiam aspernatur rerum pariatur. Soluta accusamus modi exercitationem rerum. Doloribus in voluptatibus sit reiciendis.', 17, 2, '2021-08-17 23:15:42', '2021-08-17 23:15:42'),
(143, 'Miss', 855.1300, '2037-08-19', 'nuevo', '238 Lucienne Grove\nMuellerhaven, NJ 22290', 'http://www.hamill.net/nulla-quo-et-explicabo-quod', 'Rerum eveniet repudiandae omnis eligendi at ipsum. Et et corporis cumque id eius non. Enim quibusdam corrupti perspiciatis aut. Quis consectetur ratione quisquam officia accusamus sit. Nihil aut cumque distinctio ex excepturi. Officia quis laudantium sit ab. Voluptas reiciendis ducimus nulla autem. In facere iste incidunt modi. Animi dolore temporibus quam aut et. Rerum autem exercitationem ex qui ea. Accusamus eum itaque molestiae quisquam consequatur velit doloremque.', 8, 2, '2021-08-17 23:15:42', '2021-08-17 23:15:42'),
(144, 'Ms.', 609.7800, '2029-10-30', 'medio uso', '226 Stoltenberg Centers\nBartellview, OR 24743-3682', 'http://www.west.com/debitis-consequuntur-est-dolor-consequatur.html', 'Quia iure voluptatem cumque ut similique maxime perspiciatis. Reiciendis alias quae iusto inventore iure distinctio. Veritatis labore praesentium perspiciatis laboriosam laboriosam. Iure quas eligendi aut dolores recusandae. Aliquam qui similique autem quis officiis quisquam. Aliquam sed possimus adipisci quo distinctio nobis dolor rerum. Necessitatibus dolores assumenda dolorem. Blanditiis quaerat aut tenetur maiores rem.', 27, 3, '2021-08-17 23:15:42', '2021-08-17 23:15:42'),
(145, 'Dr.', 245.8700, '2032-10-15', 'nuevo', '3925 Ciara Land Suite 401\nLake Ole, ID 48037-9447', 'http://schmidt.info/dolores-voluptatem-neque-ratione-voluptas-autem-quaerat-eligendi', 'Veniam temporibus ut possimus deserunt. Corporis nihil quisquam autem aspernatur similique id saepe. Autem atque dolores deserunt vero. Et eligendi quia voluptatem nesciunt rerum dolorum. Fuga quidem neque fugiat voluptas. Et blanditiis sit fugit libero ducimus sit autem. Et porro libero laudantium tempore qui esse.', 20, 13, '2021-08-17 23:15:42', '2021-08-17 23:15:42'),
(146, 'Prof.', 331.5500, '2047-06-19', 'usadango', '82385 Marguerite Landing Apt. 190\nOliverland, WY 35698-6206', 'https://ryan.info/cupiditate-dolores-rerum-tempora-laudantium-eos.html', 'Reiciendis voluptatem et sit exercitationem excepturi quidem omnis. Tempora voluptatem eveniet doloribus libero. Id saepe iste qui nulla rerum neque ullam totam. Quia itaque repellat inventore voluptas dolore incidunt eligendi suscipit. Iste eveniet eum dicta omnis. Et ut quia expedita eligendi error. Sint magnam itaque rerum temporibus occaecati ea. Est dolores consequatur iste excepturi consectetur. Est dolore quaerat ex numquam a. Consequatur iure accusantium similique laudantium.', 12, 22, '2021-08-17 23:15:42', '2021-08-17 23:15:42'),
(147, 'Ms.', 87.2900, '2030-02-10', 'nuevo', '664 Fadel Estate Apt. 993\nDavonhaven, NJ 43149-1629', 'http://purdy.net/', 'Harum ut doloribus in. Rerum perferendis maxime vitae non quam voluptatem. Esse ut dignissimos adipisci possimus. Consectetur harum rerum molestiae est quod quibusdam. Dolorem a ipsam tempore voluptates quidem nam necessitatibus. Libero consequatur quia incidunt consequatur necessitatibus. Occaecati dolores dolores in laborum.', 2, 3, '2021-08-17 23:15:42', '2021-08-17 23:15:42'),
(148, 'Prof.', 383.7800, '2044-10-01', 'medio uso', '31766 Grady Lake\nDarronfurt, SC 21612-5070', 'http://www.skiles.com/est-quis-asperiores-eius-molestiae-occaecati-atque', 'Ducimus non libero quia quia sapiente ipsa. Provident incidunt iure occaecati minus quas aliquam vero. Repellat quaerat delectus sunt. Recusandae a labore perferendis quod. Eum alias non ullam omnis commodi ducimus. Illo veniam culpa modi dolor debitis est sit. Quos sapiente hic debitis iusto. Veniam excepturi quod ab inventore a ea harum. Corrupti doloribus explicabo pariatur id aut voluptatum qui.', 15, 17, '2021-08-17 23:15:42', '2021-08-17 23:15:42'),
(149, 'Dr.', 244.7600, '2023-11-30', 'usadango', '329 Bettye Crescent Suite 874\nBradtkeborough, AL 30536', 'http://white.org/ut-architecto-odit-et-velit-dolorem-nulla-quae.html', 'Ab quia enim nihil quia architecto tenetur facilis quod. Ut a ut tempore eligendi ut. Expedita saepe nam consequatur quia ad corrupti repellendus. Consequuntur ut in eum molestiae odio quaerat. Qui necessitatibus omnis dignissimos ipsam eos quaerat eos. Cum nobis architecto distinctio id enim. Sunt et officia et officia eum provident suscipit. Quas earum voluptatum quas quas eveniet fugiat reiciendis. Architecto cumque corrupti voluptatum.', 1, 22, '2021-08-17 23:15:42', '2021-08-17 23:15:42'),
(150, 'Mr.', 279.7900, '2032-05-29', 'medio uso', '213 Rogahn Harbors\nMarvinburgh, WI 27933', 'http://lindgren.info/', 'Omnis qui veritatis similique in. In autem sunt in aut placeat. Corporis velit earum qui veritatis voluptatem harum sit. Ex repudiandae quas ut omnis dolorem mollitia deleniti. Eligendi voluptas aut ut odit qui ducimus. Et reiciendis quisquam nostrum et voluptas reiciendis. Soluta occaecati aut ad occaecati et quisquam officia.', 10, 28, '2021-08-17 23:15:42', '2021-08-17 23:15:42');

-- --------------------------------------------------------

--
-- Estructura de tabla para la tabla `banners`
--

CREATE TABLE `banners` (
  `id` bigint(20) UNSIGNED NOT NULL,
  `fechaInicio` date NOT NULL,
  `fechaFin` date NOT NULL,
  `estado` tinyint(1) NOT NULL,
  `created_at` timestamp NULL DEFAULT NULL,
  `updated_at` timestamp NULL DEFAULT NULL
) ENGINE=InnoDB DEFAULT CHARSET=utf8mb4 COLLATE=utf8mb4_unicode_ci;

-- --------------------------------------------------------

--
-- Estructura de tabla para la tabla `campo_detalles`
--

CREATE TABLE `campo_detalles` (
  `id` bigint(20) UNSIGNED NOT NULL,
  `created_at` timestamp NULL DEFAULT NULL,
  `updated_at` timestamp NULL DEFAULT NULL
) ENGINE=InnoDB DEFAULT CHARSET=utf8mb4 COLLATE=utf8mb4_unicode_ci;

-- --------------------------------------------------------

--
-- Estructura de tabla para la tabla `categorias`
--

CREATE TABLE `categorias` (
  `id` bigint(20) UNSIGNED NOT NULL,
  `nombre` varchar(25) COLLATE utf8mb4_unicode_ci NOT NULL,
  `imagen` varchar(255) COLLATE utf8mb4_unicode_ci NOT NULL,
  `created_at` timestamp NULL DEFAULT NULL,
  `updated_at` timestamp NULL DEFAULT NULL,
  `categoria_id` bigint(20) UNSIGNED DEFAULT NULL
) ENGINE=InnoDB DEFAULT CHARSET=utf8mb4 COLLATE=utf8mb4_unicode_ci;

--
-- Volcado de datos para la tabla `categorias`
--

INSERT INTO `categorias` (`id`, `nombre`, `imagen`, `created_at`, `updated_at`, `categoria_id`) VALUES
(1, 'mrs 444', 'esto es una imagen', '2021-08-17 23:15:40', '2021-08-17 23:15:40', NULL),
(2, 'mrs 444', 'esto es una imagen', '2021-08-17 23:15:40', '2021-08-17 23:15:40', NULL),
(3, 'hola', 'imagen', '2021-08-17 23:15:40', '2021-08-17 23:15:40', NULL),
(4, 'hola', 'imagen', '2021-08-17 23:15:40', '2021-08-17 23:15:40', NULL),
(5, 'hola', 'imagen', '2021-08-17 23:15:40', '2021-08-17 23:15:40', NULL),
(6, 'hola', 'imagen', '2021-08-17 23:15:40', '2021-08-17 23:15:40', NULL),
(7, 'hola', 'imagen', '2021-08-17 23:15:40', '2021-08-17 23:15:40', NULL),
(8, 'hola', 'imagen', '2021-08-17 23:15:40', '2021-08-17 23:15:40', NULL),
(9, 'hola', 'imagen', '2021-08-17 23:15:40', '2021-08-17 23:15:40', NULL),
(10, 'hola', 'imagen', '2021-08-17 23:15:40', '2021-08-17 23:15:40', NULL),
(11, 'hola', 'imagen', '2021-08-17 23:15:40', '2021-08-17 23:15:40', NULL),
(12, 'hola', 'imagen', '2021-08-17 23:15:40', '2021-08-17 23:15:40', NULL),
(13, 'hola', 'imagen', '2021-08-17 23:15:40', '2021-08-17 23:15:40', NULL),
(14, 'hola', 'imagen', '2021-08-17 23:15:40', '2021-08-17 23:15:40', NULL),
(15, 'hola', 'imagen', '2021-08-17 23:15:40', '2021-08-17 23:15:40', NULL),
(16, 'hola', 'imagen', '2021-08-17 23:15:40', '2021-08-17 23:15:40', NULL),
(17, 'hola', 'imagen', '2021-08-17 23:15:40', '2021-08-17 23:15:40', NULL),
(18, 'hola', 'imagen', '2021-08-17 23:15:40', '2021-08-17 23:15:40', NULL),
(19, 'hola', 'imagen', '2021-08-17 23:15:40', '2021-08-17 23:15:40', NULL),
(20, 'hola', 'imagen', '2021-08-17 23:15:40', '2021-08-17 23:15:40', NULL),
(21, 'hola', 'imagen', '2021-08-17 23:15:40', '2021-08-17 23:15:40', NULL),
(22, 'hola', 'imagen', '2021-08-17 23:15:40', '2021-08-17 23:15:40', NULL),
(23, 'hola', 'imagen', '2021-08-17 23:15:40', '2021-08-17 23:15:40', NULL),
(24, 'hola', 'imagen', '2021-08-17 23:15:40', '2021-08-17 23:15:40', NULL),
(25, 'hola', 'imagen', '2021-08-17 23:15:40', '2021-08-17 23:15:40', NULL),
(26, 'hola', 'imagen', '2021-08-17 23:15:40', '2021-08-17 23:15:40', NULL),
(27, 'hola', 'imagen', '2021-08-17 23:15:40', '2021-08-17 23:15:40', NULL),
(28, 'hola', 'imagen', '2021-08-17 23:15:40', '2021-08-17 23:15:40', NULL),
(29, 'hola', 'imagen', '2021-08-17 23:15:40', '2021-08-17 23:15:40', NULL),
(30, 'hola', 'imagen', '2021-08-17 23:15:40', '2021-08-17 23:15:40', NULL),
(41, 'hola', 'imagen', NULL, NULL, NULL),
(42, 'hola', 'imagen', NULL, NULL, NULL),
(43, 'hola', 'imagen', NULL, NULL, NULL),
(46, 'hola', 'imagen', NULL, NULL, NULL),
(48, 'hola2', 'imagen', NULL, NULL, NULL);

-- --------------------------------------------------------

--
-- Estructura de tabla para la tabla `credito_destacados`
--

CREATE TABLE `credito_destacados` (
  `id` int(10) UNSIGNED NOT NULL,
  `cantidad` int(11) NOT NULL,
  `created_at` timestamp NULL DEFAULT NULL,
  `updated_at` timestamp NULL DEFAULT NULL,
  `categoria_id` bigint(20) UNSIGNED NOT NULL
) ENGINE=InnoDB DEFAULT CHARSET=utf8mb4 COLLATE=utf8mb4_unicode_ci;

-- --------------------------------------------------------

--
-- Estructura de tabla para la tabla `destacados`
--

CREATE TABLE `destacados` (
  `id` bigint(20) UNSIGNED NOT NULL,
  `fechaInicio` date NOT NULL,
  `fechaFin` date NOT NULL,
  `estado` tinyint(1) NOT NULL,
  `created_at` timestamp NULL DEFAULT NULL,
  `updated_at` timestamp NULL DEFAULT NULL
) ENGINE=InnoDB DEFAULT CHARSET=utf8mb4 COLLATE=utf8mb4_unicode_ci;

-- --------------------------------------------------------

--
-- Estructura de tabla para la tabla `detalle_categorias`
--

CREATE TABLE `detalle_categorias` (
  `id` bigint(20) UNSIGNED NOT NULL,
  `created_at` timestamp NULL DEFAULT NULL,
  `updated_at` timestamp NULL DEFAULT NULL
) ENGINE=InnoDB DEFAULT CHARSET=utf8mb4 COLLATE=utf8mb4_unicode_ci;

-- --------------------------------------------------------

--
-- Estructura de tabla para la tabla `failed_jobs`
--

CREATE TABLE `failed_jobs` (
  `id` bigint(20) UNSIGNED NOT NULL,
  `connection` text COLLATE utf8mb4_unicode_ci NOT NULL,
  `queue` text COLLATE utf8mb4_unicode_ci NOT NULL,
  `payload` longtext COLLATE utf8mb4_unicode_ci NOT NULL,
  `exception` longtext COLLATE utf8mb4_unicode_ci NOT NULL,
  `failed_at` timestamp NOT NULL DEFAULT current_timestamp()
) ENGINE=InnoDB DEFAULT CHARSET=utf8mb4 COLLATE=utf8mb4_unicode_ci;

-- --------------------------------------------------------

--
-- Estructura de tabla para la tabla `favoritos`
--

CREATE TABLE `favoritos` (
  `user_id` bigint(20) UNSIGNED NOT NULL,
  `anuncio_id` bigint(20) UNSIGNED NOT NULL,
  `created_at` timestamp NULL DEFAULT NULL,
  `updated_at` timestamp NULL DEFAULT NULL
) ENGINE=InnoDB DEFAULT CHARSET=utf8mb4 COLLATE=utf8mb4_unicode_ci;

--
-- Volcado de datos para la tabla `favoritos`
--

INSERT INTO `favoritos` (`user_id`, `anuncio_id`, `created_at`, `updated_at`) VALUES
(1, 1, NULL, NULL),
(1, 3, NULL, NULL),
(1, 4, NULL, NULL),
(1, 5, '2021-08-19 20:38:00', '2021-08-19 20:38:00'),
(1, 10, '2021-08-19 20:45:42', '2021-08-19 20:45:42'),
(1, 11, '2021-08-19 20:47:17', '2021-08-19 20:47:17'),
(1, 55, '2021-08-17 23:15:46', '2021-08-17 23:15:46'),
(1, 121, '2021-08-17 23:15:46', '2021-08-17 23:15:46'),
(3, 40, '2021-08-17 23:15:46', '2021-08-17 23:15:46'),
(4, 107, '2021-08-17 23:15:46', '2021-08-17 23:15:46'),
(5, 14, '2021-08-17 23:15:46', '2021-08-17 23:15:46'),
(5, 51, '2021-08-17 23:15:46', '2021-08-17 23:15:46'),
(5, 91, '2021-08-17 23:15:46', '2021-08-17 23:15:46'),
(5, 117, '2021-08-17 23:15:46', '2021-08-17 23:15:46'),
(7, 97, '2021-08-17 23:15:46', '2021-08-17 23:15:46'),
(8, 112, '2021-08-17 23:15:46', '2021-08-17 23:15:46'),
(9, 17, '2021-08-17 23:15:46', '2021-08-17 23:15:46'),
(9, 94, '2021-08-17 23:15:46', '2021-08-17 23:15:46'),
(11, 78, '2021-08-17 23:15:46', '2021-08-17 23:15:46'),
(12, 7, '2021-08-17 23:15:46', '2021-08-17 23:15:46'),
(12, 105, '2021-08-17 23:15:46', '2021-08-17 23:15:46'),
(13, 131, '2021-08-17 23:15:46', '2021-08-17 23:15:46'),
(14, 72, '2021-08-17 23:15:46', '2021-08-17 23:15:46'),
(14, 95, '2021-08-17 23:15:46', '2021-08-17 23:15:46'),
(15, 21, '2021-08-17 23:15:46', '2021-08-17 23:15:46'),
(15, 89, '2021-08-17 23:15:46', '2021-08-17 23:15:46'),
(16, 118, '2021-08-17 23:15:46', '2021-08-17 23:15:46'),
(17, 25, '2021-08-17 23:15:46', '2021-08-17 23:15:46'),
(17, 114, '2021-08-17 23:15:46', '2021-08-17 23:15:46'),
(17, 115, '2021-08-17 23:15:46', '2021-08-17 23:15:46'),
(17, 127, '2021-08-17 23:15:46', '2021-08-17 23:15:46'),
(18, 68, '2021-08-17 23:15:46', '2021-08-17 23:15:46'),
(19, 18, '2021-08-17 23:15:46', '2021-08-17 23:15:46'),
(22, 30, '2021-08-17 23:15:46', '2021-08-17 23:15:46'),
(22, 59, '2021-08-17 23:15:46', '2021-08-17 23:15:46'),
(23, 64, '2021-08-17 23:15:46', '2021-08-17 23:15:46'),
(23, 131, '2021-08-17 23:15:46', '2021-08-17 23:15:46'),
(25, 60, '2021-08-17 23:15:46', '2021-08-17 23:15:46'),
(25, 141, '2021-08-17 23:15:46', '2021-08-17 23:15:46'),
(26, 31, '2021-08-17 23:15:46', '2021-08-17 23:15:46'),
(26, 117, '2021-08-17 23:15:46', '2021-08-17 23:15:46'),
(27, 39, '2021-08-17 23:15:46', '2021-08-17 23:15:46'),
(27, 86, '2021-08-17 23:15:46', '2021-08-17 23:15:46'),
(27, 132, '2021-08-17 23:15:46', '2021-08-17 23:15:46'),
(28, 40, '2021-08-17 23:15:46', '2021-08-17 23:15:46'),
(29, 121, '2021-08-17 23:15:46', '2021-08-17 23:15:46'),
(30, 11, '2021-08-17 23:15:46', '2021-08-17 23:15:46'),
(30, 74, '2021-08-17 23:15:46', '2021-08-17 23:15:46'),
(30, 128, '2021-08-17 23:15:46', '2021-08-17 23:15:46');

-- --------------------------------------------------------

--
-- Estructura de tabla para la tabla `fotos`
--

CREATE TABLE `fotos` (
  `id` bigint(20) UNSIGNED NOT NULL,
  `enlace` varchar(255) COLLATE utf8mb4_unicode_ci NOT NULL,
  `created_at` timestamp NULL DEFAULT NULL,
  `updated_at` timestamp NULL DEFAULT NULL,
  `anuncio_id` bigint(20) UNSIGNED DEFAULT NULL
) ENGINE=InnoDB DEFAULT CHARSET=utf8mb4 COLLATE=utf8mb4_unicode_ci;

--
-- Volcado de datos para la tabla `fotos`
--

INSERT INTO `fotos` (`id`, `enlace`, `created_at`, `updated_at`, `anuncio_id`) VALUES
(1, 'https://lorempixel.com/640/480/?73422', '2021-08-17 23:15:44', '2021-08-17 23:15:44', 137),
(2, 'https://lorempixel.com/640/480/?71840', '2021-08-17 23:15:44', '2021-08-17 23:15:44', 10),
(3, 'https://lorempixel.com/640/480/?59046', '2021-08-17 23:15:44', '2021-08-17 23:15:44', 67),
(4, 'https://lorempixel.com/640/480/?94282', '2021-08-17 23:15:44', '2021-08-17 23:15:44', 32),
(5, 'https://lorempixel.com/640/480/?10668', '2021-08-17 23:15:44', '2021-08-17 23:15:44', 16),
(6, 'https://lorempixel.com/640/480/?89391', '2021-08-17 23:15:44', '2021-08-17 23:15:44', 87),
(7, 'https://lorempixel.com/640/480/?72295', '2021-08-17 23:15:44', '2021-08-17 23:15:44', 91),
(8, 'https://lorempixel.com/640/480/?29791', '2021-08-17 23:15:44', '2021-08-17 23:15:44', 109),
(9, 'https://lorempixel.com/640/480/?21483', '2021-08-17 23:15:44', '2021-08-17 23:15:44', 57),
(11, 'https://lorempixel.com/640/480/?51518', '2021-08-17 23:15:44', '2021-08-17 23:15:44', 47),
(12, 'https://lorempixel.com/640/480/?60900', '2021-08-17 23:15:44', '2021-08-17 23:15:44', 148),
(13, 'https://lorempixel.com/640/480/?68585', '2021-08-17 23:15:44', '2021-08-17 23:15:44', 98),
(14, 'https://lorempixel.com/640/480/?30248', '2021-08-17 23:15:44', '2021-08-17 23:15:44', 52),
(15, 'https://lorempixel.com/640/480/?48825', '2021-08-17 23:15:44', '2021-08-17 23:15:44', 67),
(16, 'https://lorempixel.com/640/480/?99911', '2021-08-17 23:15:44', '2021-08-17 23:15:44', 148),
(17, 'https://lorempixel.com/640/480/?75864', '2021-08-17 23:15:44', '2021-08-17 23:15:44', 76),
(18, 'https://lorempixel.com/640/480/?28166', '2021-08-17 23:15:44', '2021-08-17 23:15:44', 37),
(19, 'https://lorempixel.com/640/480/?64891', '2021-08-17 23:15:44', '2021-08-17 23:15:44', 112),
(20, 'https://lorempixel.com/640/480/?11765', '2021-08-17 23:15:44', '2021-08-17 23:15:44', 86),
(21, 'https://lorempixel.com/640/480/?99209', '2021-08-17 23:15:44', '2021-08-17 23:15:44', 90),
(22, 'https://lorempixel.com/640/480/?73875', '2021-08-17 23:15:44', '2021-08-17 23:15:44', 103),
(23, 'https://lorempixel.com/640/480/?47772', '2021-08-17 23:15:44', '2021-08-17 23:15:44', 30),
(24, 'https://lorempixel.com/640/480/?64402', '2021-08-17 23:15:44', '2021-08-17 23:15:44', 107),
(25, 'https://lorempixel.com/640/480/?85953', '2021-08-17 23:15:44', '2021-08-17 23:15:44', 122),
(26, 'https://lorempixel.com/640/480/?44148', '2021-08-17 23:15:44', '2021-08-17 23:15:44', 10),
(27, 'https://lorempixel.com/640/480/?28585', '2021-08-17 23:15:44', '2021-08-17 23:15:44', 22),
(28, 'https://lorempixel.com/640/480/?95648', '2021-08-17 23:15:44', '2021-08-17 23:15:44', 36),
(29, 'https://lorempixel.com/640/480/?28946', '2021-08-17 23:15:44', '2021-08-17 23:15:44', 45),
(30, 'https://lorempixel.com/640/480/?44925', '2021-08-17 23:15:44', '2021-08-17 23:15:44', 43),
(31, 'https://lorempixel.com/640/480/?38691', '2021-08-17 23:15:44', '2021-08-17 23:15:44', 49),
(32, 'https://lorempixel.com/640/480/?65709', '2021-08-17 23:15:44', '2021-08-17 23:15:44', 131),
(33, 'https://lorempixel.com/640/480/?55192', '2021-08-17 23:15:44', '2021-08-17 23:15:44', 91),
(34, 'https://lorempixel.com/640/480/?67266', '2021-08-17 23:15:44', '2021-08-17 23:15:44', 41),
(35, 'https://lorempixel.com/640/480/?90987', '2021-08-17 23:15:44', '2021-08-17 23:15:44', 122),
(36, 'https://lorempixel.com/640/480/?16858', '2021-08-17 23:15:44', '2021-08-17 23:15:44', 21),
(37, 'https://lorempixel.com/640/480/?28084', '2021-08-17 23:15:44', '2021-08-17 23:15:44', 53),
(38, 'https://lorempixel.com/640/480/?90185', '2021-08-17 23:15:44', '2021-08-17 23:15:44', 144),
(39, 'https://lorempixel.com/640/480/?29092', '2021-08-17 23:15:44', '2021-08-17 23:15:44', 41),
(40, 'https://lorempixel.com/640/480/?63615', '2021-08-17 23:15:44', '2021-08-17 23:15:44', 116),
(41, 'https://lorempixel.com/640/480/?34948', '2021-08-17 23:15:44', '2021-08-17 23:15:44', 131),
(42, 'https://lorempixel.com/640/480/?53662', '2021-08-17 23:15:44', '2021-08-17 23:15:44', 17),
(43, 'https://lorempixel.com/640/480/?87717', '2021-08-17 23:15:44', '2021-08-17 23:15:44', 122),
(44, 'https://lorempixel.com/640/480/?77823', '2021-08-17 23:15:44', '2021-08-17 23:15:44', 7),
(45, 'https://lorempixel.com/640/480/?11200', '2021-08-17 23:15:44', '2021-08-17 23:15:44', 3),
(46, 'https://lorempixel.com/640/480/?39203', '2021-08-17 23:15:44', '2021-08-17 23:15:44', 104),
(47, 'https://lorempixel.com/640/480/?63148', '2021-08-17 23:15:44', '2021-08-17 23:15:44', 87),
(48, 'https://lorempixel.com/640/480/?40359', '2021-08-17 23:15:44', '2021-08-17 23:15:44', 29),
(49, 'https://lorempixel.com/640/480/?65886', '2021-08-17 23:15:44', '2021-08-17 23:15:44', 84),
(50, 'https://lorempixel.com/640/480/?15979', '2021-08-17 23:15:44', '2021-08-17 23:15:44', 16),
(51, 'https://lorempixel.com/640/480/?29349', '2021-08-17 23:15:44', '2021-08-17 23:15:44', 38),
(52, 'https://lorempixel.com/640/480/?40719', '2021-08-17 23:15:44', '2021-08-17 23:15:44', 118),
(53, 'https://lorempixel.com/640/480/?24630', '2021-08-17 23:15:44', '2021-08-17 23:15:44', 85),
(54, 'https://lorempixel.com/640/480/?43611', '2021-08-17 23:15:44', '2021-08-17 23:15:44', 136),
(55, 'https://lorempixel.com/640/480/?11726', '2021-08-17 23:15:44', '2021-08-17 23:15:44', 19),
(56, 'https://lorempixel.com/640/480/?77216', '2021-08-17 23:15:44', '2021-08-17 23:15:44', 58),
(57, 'https://lorempixel.com/640/480/?44081', '2021-08-17 23:15:44', '2021-08-17 23:15:44', 41),
(58, 'https://lorempixel.com/640/480/?68476', '2021-08-17 23:15:44', '2021-08-17 23:15:44', 86),
(59, 'https://lorempixel.com/640/480/?43869', '2021-08-17 23:15:44', '2021-08-17 23:15:44', 65),
(60, 'https://lorempixel.com/640/480/?85328', '2021-08-17 23:15:44', '2021-08-17 23:15:44', 80),
(61, 'https://lorempixel.com/640/480/?75409', '2021-08-17 23:15:44', '2021-08-17 23:15:44', 48),
(62, 'https://lorempixel.com/640/480/?46311', '2021-08-17 23:15:44', '2021-08-17 23:15:44', 116),
(63, 'https://lorempixel.com/640/480/?14840', '2021-08-17 23:15:44', '2021-08-17 23:15:44', 102),
(64, 'https://lorempixel.com/640/480/?69621', '2021-08-17 23:15:44', '2021-08-17 23:15:44', 31),
(65, 'https://lorempixel.com/640/480/?89971', '2021-08-17 23:15:44', '2021-08-17 23:15:44', 56),
(66, 'https://lorempixel.com/640/480/?89335', '2021-08-17 23:15:44', '2021-08-17 23:15:44', 51),
(67, 'https://lorempixel.com/640/480/?12207', '2021-08-17 23:15:44', '2021-08-17 23:15:44', 108),
(68, 'https://lorempixel.com/640/480/?94844', '2021-08-17 23:15:44', '2021-08-17 23:15:44', 109),
(69, 'https://lorempixel.com/640/480/?26559', '2021-08-17 23:15:44', '2021-08-17 23:15:44', 149),
(70, 'https://lorempixel.com/640/480/?96642', '2021-08-17 23:15:44', '2021-08-17 23:15:44', 33),
(71, 'https://lorempixel.com/640/480/?55889', '2021-08-17 23:15:44', '2021-08-17 23:15:44', 11),
(72, 'https://lorempixel.com/640/480/?49878', '2021-08-17 23:15:44', '2021-08-17 23:15:44', 76),
(73, 'https://lorempixel.com/640/480/?31468', '2021-08-17 23:15:44', '2021-08-17 23:15:44', 50),
(74, 'https://lorempixel.com/640/480/?29527', '2021-08-17 23:15:44', '2021-08-17 23:15:44', 67),
(75, 'https://lorempixel.com/640/480/?30180', '2021-08-17 23:15:44', '2021-08-17 23:15:44', 29),
(76, 'https://lorempixel.com/640/480/?95981', '2021-08-17 23:15:44', '2021-08-17 23:15:44', 118),
(77, 'https://lorempixel.com/640/480/?31726', '2021-08-17 23:15:44', '2021-08-17 23:15:44', 143),
(78, 'https://lorempixel.com/640/480/?11532', '2021-08-17 23:15:44', '2021-08-17 23:15:44', 72),
(79, 'https://lorempixel.com/640/480/?44058', '2021-08-17 23:15:44', '2021-08-17 23:15:44', 29),
(80, 'https://lorempixel.com/640/480/?62015', '2021-08-17 23:15:44', '2021-08-17 23:15:44', 43),
(81, 'https://lorempixel.com/640/480/?17685', '2021-08-17 23:15:44', '2021-08-17 23:15:44', 13),
(82, 'https://lorempixel.com/640/480/?19574', '2021-08-17 23:15:44', '2021-08-17 23:15:44', 74),
(83, 'https://lorempixel.com/640/480/?20573', '2021-08-17 23:15:44', '2021-08-17 23:15:44', 55),
(84, 'https://lorempixel.com/640/480/?20970', '2021-08-17 23:15:44', '2021-08-17 23:15:44', 134),
(85, 'https://lorempixel.com/640/480/?53023', '2021-08-17 23:15:44', '2021-08-17 23:15:44', 24),
(86, 'https://lorempixel.com/640/480/?46977', '2021-08-17 23:15:44', '2021-08-17 23:15:44', 63),
(87, 'https://lorempixel.com/640/480/?32001', '2021-08-17 23:15:44', '2021-08-17 23:15:44', 113),
(88, 'https://lorempixel.com/640/480/?44099', '2021-08-17 23:15:44', '2021-08-17 23:15:44', 109),
(89, 'https://lorempixel.com/640/480/?13259', '2021-08-17 23:15:44', '2021-08-17 23:15:44', 22),
(90, 'https://lorempixel.com/640/480/?98992', '2021-08-17 23:15:44', '2021-08-17 23:15:44', 33),
(91, 'https://lorempixel.com/640/480/?11439', '2021-08-17 23:15:44', '2021-08-17 23:15:44', 144),
(92, 'https://lorempixel.com/640/480/?55279', '2021-08-17 23:15:44', '2021-08-17 23:15:44', 39),
(93, 'https://lorempixel.com/640/480/?72877', '2021-08-17 23:15:44', '2021-08-17 23:15:44', 42),
(94, 'https://lorempixel.com/640/480/?27771', '2021-08-17 23:15:44', '2021-08-17 23:15:44', 3),
(95, 'https://lorempixel.com/640/480/?42791', '2021-08-17 23:15:44', '2021-08-17 23:15:44', 147),
(96, 'https://lorempixel.com/640/480/?56024', '2021-08-17 23:15:44', '2021-08-17 23:15:44', 6),
(97, 'https://lorempixel.com/640/480/?48126', '2021-08-17 23:15:44', '2021-08-17 23:15:44', 147),
(98, 'https://lorempixel.com/640/480/?26093', '2021-08-17 23:15:44', '2021-08-17 23:15:44', 113),
(99, 'https://lorempixel.com/640/480/?75360', '2021-08-17 23:15:44', '2021-08-17 23:15:44', 60),
(100, 'https://lorempixel.com/640/480/?20285', '2021-08-17 23:15:44', '2021-08-17 23:15:44', 107),
(101, 'https://lorempixel.com/640/480/?26110', '2021-08-17 23:15:44', '2021-08-17 23:15:44', 30),
(102, 'https://lorempixel.com/640/480/?52607', '2021-08-17 23:15:44', '2021-08-17 23:15:44', 95),
(103, 'https://lorempixel.com/640/480/?72214', '2021-08-17 23:15:44', '2021-08-17 23:15:44', 18),
(104, 'https://lorempixel.com/640/480/?16268', '2021-08-17 23:15:44', '2021-08-17 23:15:44', 10),
(105, 'https://lorempixel.com/640/480/?70059', '2021-08-17 23:15:45', '2021-08-17 23:15:45', 78),
(106, 'https://lorempixel.com/640/480/?33042', '2021-08-17 23:15:45', '2021-08-17 23:15:45', 53),
(107, 'https://lorempixel.com/640/480/?83589', '2021-08-17 23:15:45', '2021-08-17 23:15:45', 74),
(108, 'https://lorempixel.com/640/480/?33382', '2021-08-17 23:15:45', '2021-08-17 23:15:45', 5),
(109, 'https://lorempixel.com/640/480/?31280', '2021-08-17 23:15:45', '2021-08-17 23:15:45', 11),
(110, 'https://lorempixel.com/640/480/?76735', '2021-08-17 23:15:45', '2021-08-17 23:15:45', 140),
(111, 'https://lorempixel.com/640/480/?41969', '2021-08-17 23:15:45', '2021-08-17 23:15:45', 149),
(112, 'https://lorempixel.com/640/480/?96185', '2021-08-17 23:15:45', '2021-08-17 23:15:45', 65),
(113, 'https://lorempixel.com/640/480/?91192', '2021-08-17 23:15:45', '2021-08-17 23:15:45', 138),
(114, 'https://lorempixel.com/640/480/?80331', '2021-08-17 23:15:45', '2021-08-17 23:15:45', 98),
(115, 'https://lorempixel.com/640/480/?35493', '2021-08-17 23:15:45', '2021-08-17 23:15:45', 108),
(116, 'https://lorempixel.com/640/480/?80344', '2021-08-17 23:15:45', '2021-08-17 23:15:45', 65),
(117, 'https://lorempixel.com/640/480/?66510', '2021-08-17 23:15:45', '2021-08-17 23:15:45', 15),
(118, 'https://lorempixel.com/640/480/?66962', '2021-08-17 23:15:45', '2021-08-17 23:15:45', 2),
(119, 'https://lorempixel.com/640/480/?40330', '2021-08-17 23:15:45', '2021-08-17 23:15:45', 123),
(120, 'https://lorempixel.com/640/480/?54694', '2021-08-17 23:15:45', '2021-08-17 23:15:45', 107),
(121, 'https://lorempixel.com/640/480/?62845', '2021-08-17 23:15:45', '2021-08-17 23:15:45', 68),
(122, 'https://lorempixel.com/640/480/?41737', '2021-08-17 23:15:45', '2021-08-17 23:15:45', 12),
(123, 'https://lorempixel.com/640/480/?19224', '2021-08-17 23:15:45', '2021-08-17 23:15:45', 110),
(124, 'https://lorempixel.com/640/480/?35073', '2021-08-17 23:15:45', '2021-08-17 23:15:45', 111),
(125, 'https://lorempixel.com/640/480/?47129', '2021-08-17 23:15:45', '2021-08-17 23:15:45', 36),
(126, 'https://lorempixel.com/640/480/?72161', '2021-08-17 23:15:45', '2021-08-17 23:15:45', 108),
(127, 'https://lorempixel.com/640/480/?32979', '2021-08-17 23:15:45', '2021-08-17 23:15:45', 124),
(128, 'https://lorempixel.com/640/480/?44467', '2021-08-17 23:15:45', '2021-08-17 23:15:45', 8),
(129, 'https://lorempixel.com/640/480/?68500', '2021-08-17 23:15:45', '2021-08-17 23:15:45', 23),
(130, 'https://lorempixel.com/640/480/?68101', '2021-08-17 23:15:45', '2021-08-17 23:15:45', 4),
(131, 'https://lorempixel.com/640/480/?65884', '2021-08-17 23:15:45', '2021-08-17 23:15:45', 49),
(132, 'https://lorempixel.com/640/480/?83412', '2021-08-17 23:15:45', '2021-08-17 23:15:45', 117),
(133, 'https://lorempixel.com/640/480/?93585', '2021-08-17 23:15:45', '2021-08-17 23:15:45', 31),
(134, 'https://lorempixel.com/640/480/?29660', '2021-08-17 23:15:45', '2021-08-17 23:15:45', 127),
(135, 'https://lorempixel.com/640/480/?73213', '2021-08-17 23:15:45', '2021-08-17 23:15:45', 122),
(136, 'https://lorempixel.com/640/480/?82908', '2021-08-17 23:15:45', '2021-08-17 23:15:45', 88),
(137, 'https://lorempixel.com/640/480/?80723', '2021-08-17 23:15:45', '2021-08-17 23:15:45', 30),
(138, 'https://lorempixel.com/640/480/?15049', '2021-08-17 23:15:45', '2021-08-17 23:15:45', 92),
(139, 'https://lorempixel.com/640/480/?35438', '2021-08-17 23:15:45', '2021-08-17 23:15:45', 6),
(140, 'https://lorempixel.com/640/480/?33655', '2021-08-17 23:15:45', '2021-08-17 23:15:45', 90),
(141, 'https://lorempixel.com/640/480/?43967', '2021-08-17 23:15:45', '2021-08-17 23:15:45', 24),
(142, 'https://lorempixel.com/640/480/?96427', '2021-08-17 23:15:45', '2021-08-17 23:15:45', 19),
(143, 'https://lorempixel.com/640/480/?29553', '2021-08-17 23:15:45', '2021-08-17 23:15:45', 110),
(144, 'https://lorempixel.com/640/480/?21761', '2021-08-17 23:15:45', '2021-08-17 23:15:45', 13),
(145, 'https://lorempixel.com/640/480/?34236', '2021-08-17 23:15:45', '2021-08-17 23:15:45', 4),
(146, 'https://lorempixel.com/640/480/?66062', '2021-08-17 23:15:45', '2021-08-17 23:15:45', 102),
(147, 'https://lorempixel.com/640/480/?32972', '2021-08-17 23:15:45', '2021-08-17 23:15:45', 53),
(148, 'https://lorempixel.com/640/480/?76904', '2021-08-17 23:15:45', '2021-08-17 23:15:45', 103),
(149, 'https://lorempixel.com/640/480/?13654', '2021-08-17 23:15:45', '2021-08-17 23:15:45', 98),
(150, 'https://lorempixel.com/640/480/?66170', '2021-08-17 23:15:45', '2021-08-17 23:15:45', 98),
(151, 'https://lorempixel.com/640/480/?15164', '2021-08-17 23:15:45', '2021-08-17 23:15:45', 103),
(152, 'https://lorempixel.com/640/480/?66322', '2021-08-17 23:15:45', '2021-08-17 23:15:45', 18),
(153, 'https://lorempixel.com/640/480/?30129', '2021-08-17 23:15:45', '2021-08-17 23:15:45', 53),
(154, 'https://lorempixel.com/640/480/?46052', '2021-08-17 23:15:45', '2021-08-17 23:15:45', 18),
(155, 'https://lorempixel.com/640/480/?75064', '2021-08-17 23:15:45', '2021-08-17 23:15:45', 49),
(156, 'https://lorempixel.com/640/480/?56652', '2021-08-17 23:15:45', '2021-08-17 23:15:45', 89),
(157, 'https://lorempixel.com/640/480/?85010', '2021-08-17 23:15:45', '2021-08-17 23:15:45', 107),
(158, 'https://lorempixel.com/640/480/?65646', '2021-08-17 23:15:45', '2021-08-17 23:15:45', 37),
(159, 'https://lorempixel.com/640/480/?56130', '2021-08-17 23:15:45', '2021-08-17 23:15:45', 4),
(160, 'https://lorempixel.com/640/480/?27352', '2021-08-17 23:15:45', '2021-08-17 23:15:45', 53),
(161, 'https://lorempixel.com/640/480/?44439', '2021-08-17 23:15:45', '2021-08-17 23:15:45', 15),
(162, 'https://lorempixel.com/640/480/?64710', '2021-08-17 23:15:45', '2021-08-17 23:15:45', 141),
(163, 'https://lorempixel.com/640/480/?48356', '2021-08-17 23:15:45', '2021-08-17 23:15:45', 118),
(164, 'https://lorempixel.com/640/480/?24481', '2021-08-17 23:15:45', '2021-08-17 23:15:45', 77),
(165, 'https://lorempixel.com/640/480/?81245', '2021-08-17 23:15:45', '2021-08-17 23:15:45', 102),
(166, 'https://lorempixel.com/640/480/?85975', '2021-08-17 23:15:45', '2021-08-17 23:15:45', 72),
(167, 'https://lorempixel.com/640/480/?94000', '2021-08-17 23:15:45', '2021-08-17 23:15:45', 122),
(168, 'https://lorempixel.com/640/480/?47022', '2021-08-17 23:15:45', '2021-08-17 23:15:45', 9),
(169, 'https://lorempixel.com/640/480/?83565', '2021-08-17 23:15:45', '2021-08-17 23:15:45', 126),
(170, 'https://lorempixel.com/640/480/?51172', '2021-08-17 23:15:45', '2021-08-17 23:15:45', 98),
(171, 'https://lorempixel.com/640/480/?57337', '2021-08-17 23:15:45', '2021-08-17 23:15:45', 67),
(172, 'https://lorempixel.com/640/480/?90588', '2021-08-17 23:15:45', '2021-08-17 23:15:45', 55),
(173, 'https://lorempixel.com/640/480/?82928', '2021-08-17 23:15:45', '2021-08-17 23:15:45', 104),
(174, 'https://lorempixel.com/640/480/?62549', '2021-08-17 23:15:45', '2021-08-17 23:15:45', 98),
(175, 'https://lorempixel.com/640/480/?50708', '2021-08-17 23:15:45', '2021-08-17 23:15:45', 137),
(176, 'https://lorempixel.com/640/480/?85572', '2021-08-17 23:15:45', '2021-08-17 23:15:45', 116),
(177, 'https://lorempixel.com/640/480/?75119', '2021-08-17 23:15:45', '2021-08-17 23:15:45', 113),
(178, 'https://lorempixel.com/640/480/?56107', '2021-08-17 23:15:45', '2021-08-17 23:15:45', 139),
(179, 'https://lorempixel.com/640/480/?95454', '2021-08-17 23:15:45', '2021-08-17 23:15:45', 98),
(180, 'https://lorempixel.com/640/480/?77209', '2021-08-17 23:15:45', '2021-08-17 23:15:45', 100),
(181, 'https://lorempixel.com/640/480/?79115', '2021-08-17 23:15:45', '2021-08-17 23:15:45', 34),
(182, 'https://lorempixel.com/640/480/?84745', '2021-08-17 23:15:45', '2021-08-17 23:15:45', 126),
(183, 'https://lorempixel.com/640/480/?25113', '2021-08-17 23:15:45', '2021-08-17 23:15:45', 140),
(184, 'https://lorempixel.com/640/480/?91905', '2021-08-17 23:15:45', '2021-08-17 23:15:45', 39),
(185, 'https://lorempixel.com/640/480/?55291', '2021-08-17 23:15:45', '2021-08-17 23:15:45', 21),
(186, 'https://lorempixel.com/640/480/?56912', '2021-08-17 23:15:45', '2021-08-17 23:15:45', 116),
(187, 'https://lorempixel.com/640/480/?93759', '2021-08-17 23:15:45', '2021-08-17 23:15:45', 1),
(188, 'https://lorempixel.com/640/480/?56259', '2021-08-17 23:15:45', '2021-08-17 23:15:45', 31),
(189, 'https://lorempixel.com/640/480/?43985', '2021-08-17 23:15:45', '2021-08-17 23:15:45', 138),
(190, 'https://lorempixel.com/640/480/?81871', '2021-08-17 23:15:45', '2021-08-17 23:15:45', 52),
(191, 'https://lorempixel.com/640/480/?38930', '2021-08-17 23:15:45', '2021-08-17 23:15:45', 101),
(192, 'https://lorempixel.com/640/480/?63821', '2021-08-17 23:15:45', '2021-08-17 23:15:45', 3),
(193, 'https://lorempixel.com/640/480/?12758', '2021-08-17 23:15:45', '2021-08-17 23:15:45', 77),
(194, 'https://lorempixel.com/640/480/?12207', '2021-08-17 23:15:45', '2021-08-17 23:15:45', 76),
(195, 'https://lorempixel.com/640/480/?18978', '2021-08-17 23:15:45', '2021-08-17 23:15:45', 63),
(196, 'https://lorempixel.com/640/480/?23050', '2021-08-17 23:15:45', '2021-08-17 23:15:45', 124),
(197, 'https://lorempixel.com/640/480/?18385', '2021-08-17 23:15:45', '2021-08-17 23:15:45', 33),
(198, 'https://lorempixel.com/640/480/?49918', '2021-08-17 23:15:45', '2021-08-17 23:15:45', 10),
(199, 'https://lorempixel.com/640/480/?26602', '2021-08-17 23:15:45', '2021-08-17 23:15:45', 135),
(200, 'https://lorempixel.com/640/480/?19222', '2021-08-17 23:15:45', '2021-08-17 23:15:45', 44),
(201, 'https://lorempixel.com/640/480/?57344', '2021-08-17 23:15:45', '2021-08-17 23:15:45', 135),
(202, 'https://lorempixel.com/640/480/?31762', '2021-08-17 23:15:45', '2021-08-17 23:15:45', 87),
(203, 'https://lorempixel.com/640/480/?42301', '2021-08-17 23:15:45', '2021-08-17 23:15:45', 75),
(204, 'https://lorempixel.com/640/480/?95076', '2021-08-17 23:15:45', '2021-08-17 23:15:45', 144),
(205, 'https://lorempixel.com/640/480/?59612', '2021-08-17 23:15:45', '2021-08-17 23:15:45', 144),
(206, 'https://lorempixel.com/640/480/?66801', '2021-08-17 23:15:45', '2021-08-17 23:15:45', 44),
(207, 'https://lorempixel.com/640/480/?13178', '2021-08-17 23:15:45', '2021-08-17 23:15:45', 119),
(208, 'https://lorempixel.com/640/480/?38080', '2021-08-17 23:15:45', '2021-08-17 23:15:45', 2),
(209, 'https://lorempixel.com/640/480/?42268', '2021-08-17 23:15:45', '2021-08-17 23:15:45', 87),
(210, 'https://lorempixel.com/640/480/?70145', '2021-08-17 23:15:45', '2021-08-17 23:15:45', 23),
(211, 'https://lorempixel.com/640/480/?48978', '2021-08-17 23:15:45', '2021-08-17 23:15:45', 143),
(212, 'https://lorempixel.com/640/480/?79607', '2021-08-17 23:15:45', '2021-08-17 23:15:45', 48),
(213, 'https://lorempixel.com/640/480/?35926', '2021-08-17 23:15:45', '2021-08-17 23:15:45', 140),
(214, 'https://lorempixel.com/640/480/?11142', '2021-08-17 23:15:45', '2021-08-17 23:15:45', 37),
(215, 'https://lorempixel.com/640/480/?34909', '2021-08-17 23:15:45', '2021-08-17 23:15:45', 76),
(216, 'https://lorempixel.com/640/480/?58421', '2021-08-17 23:15:45', '2021-08-17 23:15:45', 35),
(217, 'https://lorempixel.com/640/480/?52309', '2021-08-17 23:15:45', '2021-08-17 23:15:45', 131),
(218, 'https://lorempixel.com/640/480/?81170', '2021-08-17 23:15:45', '2021-08-17 23:15:45', 106),
(219, 'https://lorempixel.com/640/480/?84833', '2021-08-17 23:15:45', '2021-08-17 23:15:45', 43),
(220, 'https://lorempixel.com/640/480/?63739', '2021-08-17 23:15:45', '2021-08-17 23:15:45', 60),
(221, 'https://lorempixel.com/640/480/?46334', '2021-08-17 23:15:45', '2021-08-17 23:15:45', 78),
(222, 'https://lorempixel.com/640/480/?50868', '2021-08-17 23:15:45', '2021-08-17 23:15:45', 148),
(223, 'https://lorempixel.com/640/480/?73055', '2021-08-17 23:15:45', '2021-08-17 23:15:45', 74),
(224, 'https://lorempixel.com/640/480/?31049', '2021-08-17 23:15:45', '2021-08-17 23:15:45', 127),
(225, 'https://lorempixel.com/640/480/?62815', '2021-08-17 23:15:45', '2021-08-17 23:15:45', 27),
(226, 'https://lorempixel.com/640/480/?19359', '2021-08-17 23:15:45', '2021-08-17 23:15:45', 109),
(227, 'https://lorempixel.com/640/480/?75779', '2021-08-17 23:15:45', '2021-08-17 23:15:45', 13),
(228, 'https://lorempixel.com/640/480/?80102', '2021-08-17 23:15:45', '2021-08-17 23:15:45', 126),
(229, 'https://lorempixel.com/640/480/?36664', '2021-08-17 23:15:45', '2021-08-17 23:15:45', 49),
(230, 'https://lorempixel.com/640/480/?68137', '2021-08-17 23:15:45', '2021-08-17 23:15:45', 121),
(231, 'https://lorempixel.com/640/480/?64266', '2021-08-17 23:15:45', '2021-08-17 23:15:45', 68),
(232, 'https://lorempixel.com/640/480/?35833', '2021-08-17 23:15:45', '2021-08-17 23:15:45', 20),
(233, 'https://lorempixel.com/640/480/?25083', '2021-08-17 23:15:45', '2021-08-17 23:15:45', 80),
(234, 'https://lorempixel.com/640/480/?40741', '2021-08-17 23:15:45', '2021-08-17 23:15:45', 119),
(235, 'https://lorempixel.com/640/480/?18142', '2021-08-17 23:15:45', '2021-08-17 23:15:45', 141),
(236, 'https://lorempixel.com/640/480/?13164', '2021-08-17 23:15:45', '2021-08-17 23:15:45', 32),
(237, 'https://lorempixel.com/640/480/?78200', '2021-08-17 23:15:45', '2021-08-17 23:15:45', 54),
(238, 'https://lorempixel.com/640/480/?63560', '2021-08-17 23:15:45', '2021-08-17 23:15:45', 120),
(239, 'https://lorempixel.com/640/480/?52081', '2021-08-17 23:15:45', '2021-08-17 23:15:45', 147),
(240, 'https://lorempixel.com/640/480/?19754', '2021-08-17 23:15:45', '2021-08-17 23:15:45', 17),
(241, 'https://lorempixel.com/640/480/?56685', '2021-08-17 23:15:45', '2021-08-17 23:15:45', 44),
(242, 'https://lorempixel.com/640/480/?12007', '2021-08-17 23:15:45', '2021-08-17 23:15:45', 89),
(243, 'https://lorempixel.com/640/480/?75737', '2021-08-17 23:15:45', '2021-08-17 23:15:45', 14),
(244, 'https://lorempixel.com/640/480/?18449', '2021-08-17 23:15:45', '2021-08-17 23:15:45', 134),
(245, 'https://lorempixel.com/640/480/?88471', '2021-08-17 23:15:45', '2021-08-17 23:15:45', 44),
(246, 'https://lorempixel.com/640/480/?80043', '2021-08-17 23:15:45', '2021-08-17 23:15:45', 147),
(247, 'https://lorempixel.com/640/480/?70383', '2021-08-17 23:15:45', '2021-08-17 23:15:45', 110),
(248, 'https://lorempixel.com/640/480/?45392', '2021-08-17 23:15:45', '2021-08-17 23:15:45', 68),
(249, 'https://lorempixel.com/640/480/?70129', '2021-08-17 23:15:45', '2021-08-17 23:15:45', 118),
(250, 'https://lorempixel.com/640/480/?95085', '2021-08-17 23:15:45', '2021-08-17 23:15:45', 103),
(251, 'https://lorempixel.com/640/480/?39934', '2021-08-17 23:15:45', '2021-08-17 23:15:45', 34),
(252, 'https://lorempixel.com/640/480/?32741', '2021-08-17 23:15:45', '2021-08-17 23:15:45', 1),
(253, 'https://lorempixel.com/640/480/?83591', '2021-08-17 23:15:45', '2021-08-17 23:15:45', 68),
(254, 'https://lorempixel.com/640/480/?77322', '2021-08-17 23:15:45', '2021-08-17 23:15:45', 131),
(255, 'https://lorempixel.com/640/480/?62900', '2021-08-17 23:15:45', '2021-08-17 23:15:45', 7),
(256, 'https://lorempixel.com/640/480/?81562', '2021-08-17 23:15:45', '2021-08-17 23:15:45', 26),
(257, 'https://lorempixel.com/640/480/?26973', '2021-08-17 23:15:45', '2021-08-17 23:15:45', 44),
(258, 'https://lorempixel.com/640/480/?71214', '2021-08-17 23:15:45', '2021-08-17 23:15:45', 116),
(259, 'https://lorempixel.com/640/480/?90686', '2021-08-17 23:15:45', '2021-08-17 23:15:45', 54),
(260, 'https://lorempixel.com/640/480/?21888', '2021-08-17 23:15:45', '2021-08-17 23:15:45', 122),
(261, 'https://lorempixel.com/640/480/?38574', '2021-08-17 23:15:45', '2021-08-17 23:15:45', 114),
(262, 'https://lorempixel.com/640/480/?26479', '2021-08-17 23:15:45', '2021-08-17 23:15:45', 60),
(263, 'https://lorempixel.com/640/480/?17341', '2021-08-17 23:15:45', '2021-08-17 23:15:45', 38),
(264, 'https://lorempixel.com/640/480/?26884', '2021-08-17 23:15:45', '2021-08-17 23:15:45', 91),
(265, 'https://lorempixel.com/640/480/?58099', '2021-08-17 23:15:45', '2021-08-17 23:15:45', 114),
(266, 'https://lorempixel.com/640/480/?25934', '2021-08-17 23:15:45', '2021-08-17 23:15:45', 133),
(267, 'https://lorempixel.com/640/480/?51377', '2021-08-17 23:15:45', '2021-08-17 23:15:45', 54),
(268, 'https://lorempixel.com/640/480/?83024', '2021-08-17 23:15:45', '2021-08-17 23:15:45', 114),
(269, 'https://lorempixel.com/640/480/?74919', '2021-08-17 23:15:45', '2021-08-17 23:15:45', 62),
(270, 'https://lorempixel.com/640/480/?46962', '2021-08-17 23:15:45', '2021-08-17 23:15:45', 6),
(271, 'https://lorempixel.com/640/480/?59177', '2021-08-17 23:15:45', '2021-08-17 23:15:45', 43),
(272, 'https://lorempixel.com/640/480/?70775', '2021-08-17 23:15:45', '2021-08-17 23:15:45', 139),
(273, 'https://lorempixel.com/640/480/?39202', '2021-08-17 23:15:45', '2021-08-17 23:15:45', 41),
(274, 'https://lorempixel.com/640/480/?84747', '2021-08-17 23:15:45', '2021-08-17 23:15:45', 7),
(275, 'https://lorempixel.com/640/480/?38830', '2021-08-17 23:15:45', '2021-08-17 23:15:45', 51),
(276, 'https://lorempixel.com/640/480/?15638', '2021-08-17 23:15:45', '2021-08-17 23:15:45', 33),
(277, 'https://lorempixel.com/640/480/?40457', '2021-08-17 23:15:45', '2021-08-17 23:15:45', 25),
(278, 'https://lorempixel.com/640/480/?25597', '2021-08-17 23:15:45', '2021-08-17 23:15:45', 126),
(279, 'https://lorempixel.com/640/480/?36377', '2021-08-17 23:15:45', '2021-08-17 23:15:45', 142),
(280, 'https://lorempixel.com/640/480/?32581', '2021-08-17 23:15:45', '2021-08-17 23:15:45', 79),
(281, 'https://lorempixel.com/640/480/?11302', '2021-08-17 23:15:45', '2021-08-17 23:15:45', 150),
(282, 'https://lorempixel.com/640/480/?56014', '2021-08-17 23:15:45', '2021-08-17 23:15:45', 138),
(283, 'https://lorempixel.com/640/480/?69099', '2021-08-17 23:15:45', '2021-08-17 23:15:45', 10),
(284, 'https://lorempixel.com/640/480/?10796', '2021-08-17 23:15:45', '2021-08-17 23:15:45', 144),
(285, 'https://lorempixel.com/640/480/?60574', '2021-08-17 23:15:45', '2021-08-17 23:15:45', 143),
(286, 'https://lorempixel.com/640/480/?41848', '2021-08-17 23:15:45', '2021-08-17 23:15:45', 117),
(287, 'https://lorempixel.com/640/480/?87569', '2021-08-17 23:15:45', '2021-08-17 23:15:45', 64),
(288, 'https://lorempixel.com/640/480/?29043', '2021-08-17 23:15:45', '2021-08-17 23:15:45', 94),
(289, 'https://lorempixel.com/640/480/?95000', '2021-08-17 23:15:45', '2021-08-17 23:15:45', 117),
(290, 'https://lorempixel.com/640/480/?17651', '2021-08-17 23:15:45', '2021-08-17 23:15:45', 135),
(291, 'https://lorempixel.com/640/480/?78392', '2021-08-17 23:15:45', '2021-08-17 23:15:45', 133),
(292, 'https://lorempixel.com/640/480/?51134', '2021-08-17 23:15:45', '2021-08-17 23:15:45', 107),
(293, 'https://lorempixel.com/640/480/?92770', '2021-08-17 23:15:45', '2021-08-17 23:15:45', 46),
(294, 'https://lorempixel.com/640/480/?11522', '2021-08-17 23:15:45', '2021-08-17 23:15:45', 144),
(295, 'https://lorempixel.com/640/480/?54109', '2021-08-17 23:15:45', '2021-08-17 23:15:45', 30),
(296, 'https://lorempixel.com/640/480/?72112', '2021-08-17 23:15:45', '2021-08-17 23:15:45', 38),
(297, 'https://lorempixel.com/640/480/?95170', '2021-08-17 23:15:45', '2021-08-17 23:15:45', 124),
(298, 'https://lorempixel.com/640/480/?89432', '2021-08-17 23:15:45', '2021-08-17 23:15:45', 140),
(299, 'https://lorempixel.com/640/480/?65318', '2021-08-17 23:15:45', '2021-08-17 23:15:45', 148),
(300, 'https://lorempixel.com/640/480/?46101', '2021-08-17 23:15:45', '2021-08-17 23:15:45', 75);

-- --------------------------------------------------------

--
-- Estructura de tabla para la tabla `migrations`
--

CREATE TABLE `migrations` (
  `id` int(10) UNSIGNED NOT NULL,
  `migration` varchar(255) COLLATE utf8mb4_unicode_ci NOT NULL,
  `batch` int(11) NOT NULL
) ENGINE=InnoDB DEFAULT CHARSET=utf8mb4 COLLATE=utf8mb4_unicode_ci;

--
-- Volcado de datos para la tabla `migrations`
--

INSERT INTO `migrations` (`id`, `migration`, `batch`) VALUES
(1, '2014_10_12_000000_create_users_table', 1),
(2, '2014_10_12_100000_create_password_resets_table', 1),
(3, '2019_08_19_000000_create_failed_jobs_table', 1),
(4, '2019_12_14_000001_create_personal_access_tokens_table', 1),
(5, '2021_08_12_175644_create_categorias_table', 1),
(6, '2021_08_12_193641_create_credito_destacados_table', 1),
(7, '2021_08_12_193801_create_anuncios_table', 1),
(8, '2021_08_12_193842_create_fotos_table', 1),
(9, '2021_08_12_193928_create_favoritos_table', 1),
(10, '2021_08_12_194011_create_detalle_categorias_table', 1),
(11, '2021_08_12_194051_create_campo_detalles_table', 1),
(12, '2021_08_12_194159_create_banners_table', 1),
(13, '2021_08_12_194223_create_destacados_table', 1),
(14, '2021_08_17_190429_create_social_acounts_table', 1);

-- --------------------------------------------------------

--
-- Estructura de tabla para la tabla `password_resets`
--

CREATE TABLE `password_resets` (
  `email` varchar(255) COLLATE utf8mb4_unicode_ci NOT NULL,
  `token` varchar(255) COLLATE utf8mb4_unicode_ci NOT NULL,
  `created_at` timestamp NULL DEFAULT NULL
) ENGINE=InnoDB DEFAULT CHARSET=utf8mb4 COLLATE=utf8mb4_unicode_ci;

-- --------------------------------------------------------

--
-- Estructura de tabla para la tabla `personal_access_tokens`
--

CREATE TABLE `personal_access_tokens` (
  `id` bigint(20) UNSIGNED NOT NULL,
  `tokenable_type` varchar(255) COLLATE utf8mb4_unicode_ci NOT NULL,
  `tokenable_id` bigint(20) UNSIGNED NOT NULL,
  `name` varchar(255) COLLATE utf8mb4_unicode_ci NOT NULL,
  `token` varchar(64) COLLATE utf8mb4_unicode_ci NOT NULL,
  `abilities` text COLLATE utf8mb4_unicode_ci DEFAULT NULL,
  `last_used_at` timestamp NULL DEFAULT NULL,
  `created_at` timestamp NULL DEFAULT NULL,
  `updated_at` timestamp NULL DEFAULT NULL
) ENGINE=InnoDB DEFAULT CHARSET=utf8mb4 COLLATE=utf8mb4_unicode_ci;

--
-- Volcado de datos para la tabla `personal_access_tokens`
--

INSERT INTO `personal_access_tokens` (`id`, `tokenable_type`, `tokenable_id`, `name`, `token`, `abilities`, `last_used_at`, `created_at`, `updated_at`) VALUES
(1, 'App\\User', 31, 'token-name', '0d0192eb8cb63a83f34102ca6afc6c59e5aca5e4280ccf8eff1cce3950f45193', '[\"*\"]', NULL, '2021-08-18 00:39:57', '2021-08-18 00:39:57'),
(2, 'App\\User', 31, 'token-name', '9fee907a6303664c1e8e00c67c15f3a447035110601d3e509dde84d373916d2d', '[\"*\"]', NULL, '2021-08-18 00:40:35', '2021-08-18 00:40:35');

-- --------------------------------------------------------

--
-- Estructura de tabla para la tabla `social_acounts`
--

CREATE TABLE `social_acounts` (
  `id` bigint(20) UNSIGNED NOT NULL,
  `provider` varchar(255) COLLATE utf8mb4_unicode_ci NOT NULL,
  `provider_id` varchar(255) COLLATE utf8mb4_unicode_ci NOT NULL,
  `user_id` bigint(20) UNSIGNED NOT NULL,
  `avatar` varchar(255) COLLATE utf8mb4_unicode_ci DEFAULT NULL,
  `created_at` timestamp NULL DEFAULT NULL,
  `updated_at` timestamp NULL DEFAULT NULL
) ENGINE=InnoDB DEFAULT CHARSET=utf8mb4 COLLATE=utf8mb4_unicode_ci;

--
-- Volcado de datos para la tabla `social_acounts`
--

INSERT INTO `social_acounts` (`id`, `provider`, `provider_id`, `user_id`, `avatar`, `created_at`, `updated_at`) VALUES
(1, 'google', '113202477193000725157', 31, 'https://lh3.googleusercontent.com/a/AATXAJxH_TApMWD2udB2qdC81jIFW1DeWM9WNVeerG4H=s96-c', '2021-08-18 00:38:37', '2021-08-18 00:38:37');

-- --------------------------------------------------------

--
-- Estructura de tabla para la tabla `users`
--

CREATE TABLE `users` (
  `id` bigint(20) UNSIGNED NOT NULL,
  `name` varchar(255) COLLATE utf8mb4_unicode_ci NOT NULL,
  `email` varchar(255) COLLATE utf8mb4_unicode_ci NOT NULL,
  `email_verified_at` timestamp NULL DEFAULT NULL,
  `password` varchar(255) COLLATE utf8mb4_unicode_ci DEFAULT NULL,
  `remember_token` varchar(100) COLLATE utf8mb4_unicode_ci DEFAULT NULL,
  `created_at` timestamp NULL DEFAULT NULL,
  `updated_at` timestamp NULL DEFAULT NULL
) ENGINE=InnoDB DEFAULT CHARSET=utf8mb4 COLLATE=utf8mb4_unicode_ci;

--
-- Volcado de datos para la tabla `users`
--

INSERT INTO `users` (`id`, `name`, `email`, `email_verified_at`, `password`, `remember_token`, `created_at`, `updated_at`) VALUES
(1, 'Cassandre Franecki', 'gracie49@example.org', '2021-08-17 23:15:40', '$2y$10$92IXUNpkjO0rOQ5byMi.Ye4oKoEa3Ro9llC/.og/at2.uheWG/igi', 'ZLKROTXVRN', '2021-08-17 23:15:40', '2021-08-17 23:15:40'),
(2, 'Mayra Lueilwitz', 'elody.hahn@example.net', '2021-08-17 23:15:40', '$2y$10$92IXUNpkjO0rOQ5byMi.Ye4oKoEa3Ro9llC/.og/at2.uheWG/igi', 'HEcjJenwhc', '2021-08-17 23:15:40', '2021-08-17 23:15:40'),
(3, 'Prof. Merl O\'Keefe DVM', 'rosa42@example.org', '2021-08-17 23:15:40', '$2y$10$92IXUNpkjO0rOQ5byMi.Ye4oKoEa3Ro9llC/.og/at2.uheWG/igi', 'ZB5NmzUpNj', '2021-08-17 23:15:40', '2021-08-17 23:15:40'),
(4, 'Corrine Marquardt', 'stella59@example.net', '2021-08-17 23:15:40', '$2y$10$92IXUNpkjO0rOQ5byMi.Ye4oKoEa3Ro9llC/.og/at2.uheWG/igi', 'z4OThFHdli', '2021-08-17 23:15:40', '2021-08-17 23:15:40'),
(5, 'Rosetta Wolf', 'orie04@example.net', '2021-08-17 23:15:40', '$2y$10$92IXUNpkjO0rOQ5byMi.Ye4oKoEa3Ro9llC/.og/at2.uheWG/igi', 'TVP5SlNBGj', '2021-08-17 23:15:40', '2021-08-17 23:15:40'),
(6, 'Shaylee Walker', 'herbert75@example.org', '2021-08-17 23:15:40', '$2y$10$92IXUNpkjO0rOQ5byMi.Ye4oKoEa3Ro9llC/.og/at2.uheWG/igi', 'jVum1TjHgx', '2021-08-17 23:15:40', '2021-08-17 23:15:40'),
(7, 'Dr. Madonna Howe DDS', 'bauch.tanner@example.org', '2021-08-17 23:15:40', '$2y$10$92IXUNpkjO0rOQ5byMi.Ye4oKoEa3Ro9llC/.og/at2.uheWG/igi', 'fVqwOB7UET', '2021-08-17 23:15:40', '2021-08-17 23:15:40'),
(8, 'Enid DuBuque', 'doug.schulist@example.org', '2021-08-17 23:15:40', '$2y$10$92IXUNpkjO0rOQ5byMi.Ye4oKoEa3Ro9llC/.og/at2.uheWG/igi', 'riGHBa2cSE', '2021-08-17 23:15:40', '2021-08-17 23:15:40'),
(9, 'Mr. Theron Okuneva', 'ohuels@example.org', '2021-08-17 23:15:40', '$2y$10$92IXUNpkjO0rOQ5byMi.Ye4oKoEa3Ro9llC/.og/at2.uheWG/igi', 'HEZizbJSjT', '2021-08-17 23:15:40', '2021-08-17 23:15:40'),
(10, 'Dana Smith', 'ziemann.mateo@example.org', '2021-08-17 23:15:40', '$2y$10$92IXUNpkjO0rOQ5byMi.Ye4oKoEa3Ro9llC/.og/at2.uheWG/igi', 'mq73HoIGOV', '2021-08-17 23:15:40', '2021-08-17 23:15:40'),
(11, 'Dorcas Wiza', 'otho69@example.net', '2021-08-17 23:15:40', '$2y$10$92IXUNpkjO0rOQ5byMi.Ye4oKoEa3Ro9llC/.og/at2.uheWG/igi', 'bbSY2Pl2Z1', '2021-08-17 23:15:41', '2021-08-17 23:15:41'),
(12, 'Ms. Judy Sawayn DVM', 'feest.myra@example.com', '2021-08-17 23:15:40', '$2y$10$92IXUNpkjO0rOQ5byMi.Ye4oKoEa3Ro9llC/.og/at2.uheWG/igi', 'g5l5LfxwIk', '2021-08-17 23:15:41', '2021-08-17 23:15:41'),
(13, 'Korey Goldner', 'dwitting@example.net', '2021-08-17 23:15:40', '$2y$10$92IXUNpkjO0rOQ5byMi.Ye4oKoEa3Ro9llC/.og/at2.uheWG/igi', 'rbJduMmrj6', '2021-08-17 23:15:41', '2021-08-17 23:15:41'),
(14, 'Dr. Arlo Stehr I', 'florine70@example.org', '2021-08-17 23:15:40', '$2y$10$92IXUNpkjO0rOQ5byMi.Ye4oKoEa3Ro9llC/.og/at2.uheWG/igi', '9jArJqcxTL', '2021-08-17 23:15:41', '2021-08-17 23:15:41'),
(15, 'Keshaun Schneider IV', 'alan39@example.net', '2021-08-17 23:15:40', '$2y$10$92IXUNpkjO0rOQ5byMi.Ye4oKoEa3Ro9llC/.og/at2.uheWG/igi', 'CzRwQOu2qi', '2021-08-17 23:15:41', '2021-08-17 23:15:41'),
(16, 'Miss Cortney Fahey', 'zvolkman@example.net', '2021-08-17 23:15:40', '$2y$10$92IXUNpkjO0rOQ5byMi.Ye4oKoEa3Ro9llC/.og/at2.uheWG/igi', 'x1fg2pC4qb', '2021-08-17 23:15:41', '2021-08-17 23:15:41'),
(17, 'Kelsie Stanton', 'thiel.cleora@example.org', '2021-08-17 23:15:40', '$2y$10$92IXUNpkjO0rOQ5byMi.Ye4oKoEa3Ro9llC/.og/at2.uheWG/igi', 'lv5cYo1XMS', '2021-08-17 23:15:41', '2021-08-17 23:15:41'),
(18, 'Jaiden Carter', 'cormier.tillman@example.org', '2021-08-17 23:15:40', '$2y$10$92IXUNpkjO0rOQ5byMi.Ye4oKoEa3Ro9llC/.og/at2.uheWG/igi', 'nLKnTm09YO', '2021-08-17 23:15:41', '2021-08-17 23:15:41'),
(19, 'Noel McLaughlin', 'upfannerstill@example.net', '2021-08-17 23:15:40', '$2y$10$92IXUNpkjO0rOQ5byMi.Ye4oKoEa3Ro9llC/.og/at2.uheWG/igi', 'ZMKZpsRZ38', '2021-08-17 23:15:41', '2021-08-17 23:15:41'),
(20, 'Stephanie Haag IV', 'darius.raynor@example.net', '2021-08-17 23:15:40', '$2y$10$92IXUNpkjO0rOQ5byMi.Ye4oKoEa3Ro9llC/.og/at2.uheWG/igi', 'WtT6wIIx29', '2021-08-17 23:15:41', '2021-08-17 23:15:41'),
(21, 'Annalise Heaney', 'smosciski@example.org', '2021-08-17 23:15:40', '$2y$10$92IXUNpkjO0rOQ5byMi.Ye4oKoEa3Ro9llC/.og/at2.uheWG/igi', 'BhS4TIPTTJ', '2021-08-17 23:15:41', '2021-08-17 23:15:41'),
(22, 'Dr. Maia Bogisich', 'wmarquardt@example.com', '2021-08-17 23:15:40', '$2y$10$92IXUNpkjO0rOQ5byMi.Ye4oKoEa3Ro9llC/.og/at2.uheWG/igi', 'EWUDEJCjSc', '2021-08-17 23:15:41', '2021-08-17 23:15:41'),
(23, 'Mr. Llewellyn Skiles', 'bernie16@example.com', '2021-08-17 23:15:40', '$2y$10$92IXUNpkjO0rOQ5byMi.Ye4oKoEa3Ro9llC/.og/at2.uheWG/igi', 'azyckWHfWj', '2021-08-17 23:15:41', '2021-08-17 23:15:41'),
(24, 'Melany Ebert I', 'ischneider@example.org', '2021-08-17 23:15:40', '$2y$10$92IXUNpkjO0rOQ5byMi.Ye4oKoEa3Ro9llC/.og/at2.uheWG/igi', 'Hbg8RZ9JKA', '2021-08-17 23:15:41', '2021-08-17 23:15:41'),
(25, 'Keith Douglas', 'stehr.madison@example.net', '2021-08-17 23:15:40', '$2y$10$92IXUNpkjO0rOQ5byMi.Ye4oKoEa3Ro9llC/.og/at2.uheWG/igi', 'lJP1HuPT9N', '2021-08-17 23:15:41', '2021-08-17 23:15:41'),
(26, 'Madison Kozey PhD', 'udietrich@example.org', '2021-08-17 23:15:40', '$2y$10$92IXUNpkjO0rOQ5byMi.Ye4oKoEa3Ro9llC/.og/at2.uheWG/igi', 'FemYqbkDSx', '2021-08-17 23:15:41', '2021-08-17 23:15:41'),
(27, 'Ryder Dach', 'cassin.jeramie@example.org', '2021-08-17 23:15:40', '$2y$10$92IXUNpkjO0rOQ5byMi.Ye4oKoEa3Ro9llC/.og/at2.uheWG/igi', '713P19Xze4', '2021-08-17 23:15:41', '2021-08-17 23:15:41'),
(28, 'Mrs. Assunta Senger', 'rosetta.aufderhar@example.org', '2021-08-17 23:15:40', '$2y$10$92IXUNpkjO0rOQ5byMi.Ye4oKoEa3Ro9llC/.og/at2.uheWG/igi', 'hFyWTMYjDE', '2021-08-17 23:15:41', '2021-08-17 23:15:41'),
(29, 'Bridie Littel', 'gussie.kutch@example.net', '2021-08-17 23:15:40', '$2y$10$92IXUNpkjO0rOQ5byMi.Ye4oKoEa3Ro9llC/.og/at2.uheWG/igi', '1rwPiUTPdb', '2021-08-17 23:15:41', '2021-08-17 23:15:41'),
(30, 'Diana Lind', 'frami.linnea@example.com', '2021-08-17 23:15:40', '$2y$10$92IXUNpkjO0rOQ5byMi.Ye4oKoEa3Ro9llC/.og/at2.uheWG/igi', 'LyCdJaUBM6', '2021-08-17 23:15:41', '2021-08-17 23:15:41'),
(31, 'Osvaldo Orellana', 'angeloscuro1234545@gmail.com', NULL, NULL, NULL, '2021-08-18 00:36:12', '2021-08-18 00:36:12'),
(33, 'oswaldo orellana', 'angeloscuro12345@gmail.com', NULL, 'lunitabb3', NULL, NULL, NULL),
(35, 'oswaldo orellana', 'angeloscuro123451@gmail.com', NULL, 'lunitabb3', NULL, NULL, NULL),
(37, 'oswaldo orellana', 'angeloscuro1234512@gmail.com', NULL, 'lunitabb3', NULL, NULL, NULL),
(41, 'oswaldo orellana', 'angeloscuro1234512g@gmail.com', NULL, 'lunitabb3', NULL, NULL, NULL),
(42, 'oswaldo orellana', 'angeloscuro1234512g3@gmail.com', NULL, 'lunitabb3', NULL, NULL, NULL),
(43, 'oswaldo orellana', 'angeloscuro1234512dg3@gmail.com', NULL, 'asdfasdfasdf', NULL, NULL, NULL);

--
-- Índices para tablas volcadas
--

--
-- Indices de la tabla `anuncios`
--
ALTER TABLE `anuncios`
  ADD PRIMARY KEY (`id`),
  ADD KEY `anuncios_user_id_foreign` (`user_id`),
  ADD KEY `anuncios_categoria_id_foreign` (`categoria_id`);

--
-- Indices de la tabla `banners`
--
ALTER TABLE `banners`
  ADD PRIMARY KEY (`id`);

--
-- Indices de la tabla `campo_detalles`
--
ALTER TABLE `campo_detalles`
  ADD PRIMARY KEY (`id`);

--
-- Indices de la tabla `categorias`
--
ALTER TABLE `categorias`
  ADD PRIMARY KEY (`id`),
  ADD KEY `categorias_categoria_id_foreign` (`categoria_id`);

--
-- Indices de la tabla `credito_destacados`
--
ALTER TABLE `credito_destacados`
  ADD PRIMARY KEY (`id`),
  ADD KEY `credito_destacados_categoria_id_foreign` (`categoria_id`);

--
-- Indices de la tabla `destacados`
--
ALTER TABLE `destacados`
  ADD PRIMARY KEY (`id`);

--
-- Indices de la tabla `detalle_categorias`
--
ALTER TABLE `detalle_categorias`
  ADD PRIMARY KEY (`id`);

--
-- Indices de la tabla `failed_jobs`
--
ALTER TABLE `failed_jobs`
  ADD PRIMARY KEY (`id`);

--
-- Indices de la tabla `favoritos`
--
ALTER TABLE `favoritos`
  ADD PRIMARY KEY (`user_id`,`anuncio_id`),
  ADD KEY `favoritos_anuncio_id_foreign` (`anuncio_id`);

--
-- Indices de la tabla `fotos`
--
ALTER TABLE `fotos`
  ADD PRIMARY KEY (`id`),
  ADD KEY `fotos_anuncio_id_foreign` (`anuncio_id`);

--
-- Indices de la tabla `migrations`
--
ALTER TABLE `migrations`
  ADD PRIMARY KEY (`id`);

--
-- Indices de la tabla `password_resets`
--
ALTER TABLE `password_resets`
  ADD KEY `password_resets_email_index` (`email`);

--
-- Indices de la tabla `personal_access_tokens`
--
ALTER TABLE `personal_access_tokens`
  ADD PRIMARY KEY (`id`),
  ADD UNIQUE KEY `personal_access_tokens_token_unique` (`token`),
  ADD KEY `personal_access_tokens_tokenable_type_tokenable_id_index` (`tokenable_type`,`tokenable_id`);

--
-- Indices de la tabla `social_acounts`
--
ALTER TABLE `social_acounts`
  ADD PRIMARY KEY (`id`),
  ADD KEY `social_acounts_user_id_foreign` (`user_id`);

--
-- Indices de la tabla `users`
--
ALTER TABLE `users`
  ADD PRIMARY KEY (`id`),
  ADD UNIQUE KEY `users_email_unique` (`email`);

--
-- AUTO_INCREMENT de las tablas volcadas
--

--
-- AUTO_INCREMENT de la tabla `anuncios`
--
ALTER TABLE `anuncios`
  MODIFY `id` bigint(20) UNSIGNED NOT NULL AUTO_INCREMENT, AUTO_INCREMENT=151;

--
-- AUTO_INCREMENT de la tabla `banners`
--
ALTER TABLE `banners`
  MODIFY `id` bigint(20) UNSIGNED NOT NULL AUTO_INCREMENT;

--
-- AUTO_INCREMENT de la tabla `campo_detalles`
--
ALTER TABLE `campo_detalles`
  MODIFY `id` bigint(20) UNSIGNED NOT NULL AUTO_INCREMENT;

--
-- AUTO_INCREMENT de la tabla `categorias`
--
ALTER TABLE `categorias`
  MODIFY `id` bigint(20) UNSIGNED NOT NULL AUTO_INCREMENT, AUTO_INCREMENT=49;

--
-- AUTO_INCREMENT de la tabla `credito_destacados`
--
ALTER TABLE `credito_destacados`
  MODIFY `id` int(10) UNSIGNED NOT NULL AUTO_INCREMENT;

--
-- AUTO_INCREMENT de la tabla `destacados`
--
ALTER TABLE `destacados`
  MODIFY `id` bigint(20) UNSIGNED NOT NULL AUTO_INCREMENT;

--
-- AUTO_INCREMENT de la tabla `detalle_categorias`
--
ALTER TABLE `detalle_categorias`
  MODIFY `id` bigint(20) UNSIGNED NOT NULL AUTO_INCREMENT;

--
-- AUTO_INCREMENT de la tabla `failed_jobs`
--
ALTER TABLE `failed_jobs`
  MODIFY `id` bigint(20) UNSIGNED NOT NULL AUTO_INCREMENT;

--
-- AUTO_INCREMENT de la tabla `fotos`
--
ALTER TABLE `fotos`
  MODIFY `id` bigint(20) UNSIGNED NOT NULL AUTO_INCREMENT, AUTO_INCREMENT=301;

--
-- AUTO_INCREMENT de la tabla `migrations`
--
ALTER TABLE `migrations`
  MODIFY `id` int(10) UNSIGNED NOT NULL AUTO_INCREMENT, AUTO_INCREMENT=15;

--
-- AUTO_INCREMENT de la tabla `personal_access_tokens`
--
ALTER TABLE `personal_access_tokens`
  MODIFY `id` bigint(20) UNSIGNED NOT NULL AUTO_INCREMENT, AUTO_INCREMENT=3;

--
-- AUTO_INCREMENT de la tabla `social_acounts`
--
ALTER TABLE `social_acounts`
  MODIFY `id` bigint(20) UNSIGNED NOT NULL AUTO_INCREMENT, AUTO_INCREMENT=2;

--
-- AUTO_INCREMENT de la tabla `users`
--
ALTER TABLE `users`
  MODIFY `id` bigint(20) UNSIGNED NOT NULL AUTO_INCREMENT, AUTO_INCREMENT=44;

--
-- Restricciones para tablas volcadas
--

--
-- Filtros para la tabla `anuncios`
--
ALTER TABLE `anuncios`
  ADD CONSTRAINT `anuncios_categoria_id_foreign` FOREIGN KEY (`categoria_id`) REFERENCES `categorias` (`id`),
  ADD CONSTRAINT `anuncios_user_id_foreign` FOREIGN KEY (`user_id`) REFERENCES `users` (`id`);

--
-- Filtros para la tabla `categorias`
--
ALTER TABLE `categorias`
  ADD CONSTRAINT `categorias_categoria_id_foreign` FOREIGN KEY (`categoria_id`) REFERENCES `categorias` (`id`);

--
-- Filtros para la tabla `credito_destacados`
--
ALTER TABLE `credito_destacados`
  ADD CONSTRAINT `credito_destacados_categoria_id_foreign` FOREIGN KEY (`categoria_id`) REFERENCES `categorias` (`id`);

--
-- Filtros para la tabla `favoritos`
--
ALTER TABLE `favoritos`
  ADD CONSTRAINT `favoritos_anuncio_id_foreign` FOREIGN KEY (`anuncio_id`) REFERENCES `anuncios` (`id`),
  ADD CONSTRAINT `favoritos_user_id_foreign` FOREIGN KEY (`user_id`) REFERENCES `users` (`id`);

--
-- Filtros para la tabla `fotos`
--
ALTER TABLE `fotos`
  ADD CONSTRAINT `fotos_anuncio_id_foreign` FOREIGN KEY (`anuncio_id`) REFERENCES `anuncios` (`id`);

--
-- Filtros para la tabla `social_acounts`
--
ALTER TABLE `social_acounts`
  ADD CONSTRAINT `social_acounts_user_id_foreign` FOREIGN KEY (`user_id`) REFERENCES `users` (`id`) ON DELETE CASCADE;
COMMIT;

/*!40101 SET CHARACTER_SET_CLIENT=@OLD_CHARACTER_SET_CLIENT */;
/*!40101 SET CHARACTER_SET_RESULTS=@OLD_CHARACTER_SET_RESULTS */;
/*!40101 SET COLLATION_CONNECTION=@OLD_COLLATION_CONNECTION */;
